Processing_Description,YS(MPa),UTS(MPa),El(%),Ag(wt%),Al(wt%),B(wt%),Be(wt%),Bi(wt%),Cd(wt%),Co(wt%),Cr(wt%),Cu(wt%),Er(wt%),Eu(wt%),Fe(wt%),Ga(wt%),Li(wt%),Mg(wt%),Mn(wt%),Ni(wt%),Pb(wt%),Sc(wt%),Si(wt%),Sn(wt%),Ti(wt%),V(wt%),Zn(wt%),Zr(wt%)
Solutionised  + Artificially peak aged,583.3,651.6,16.8,0.0,0.88011,0.0,0.0,0.0,0.0,0.0,0.0,0.0198,0.0,0.0,0.00055,0.0,0.0,0.0212,0.0,0.0,0.0,0.0,0.0003399999999999,0.0,0.0,0.0,0.0768,0.0012
Solutionised + Artificially over aged,513.0,557.0,15.4,0.0,0.88011,0.0,0.0,0.0,0.0,0.0,0.0,0.0198,0.0,0.0,0.00055,0.0,0.0,0.0212,0.0,0.0,0.0,0.0,0.0003399999999999,0.0,0.0,0.0,0.0768,0.0012
Solutionised  + Artificially peak aged,300.0,320.0,10.5,0.0,0.9945,0.0,0.0,0.0,0.0,0.0,0.0,0.0,0.0,0.0,0.0,0.0,0.0,0.0,0.0,0.0,0.0,0.0055,0.0,0.0,0.0,0.0,0.0,0.0
Solutionised  + Artificially peak aged,265.0,280.0,4.5,0.0,0.9925,0.0,0.0,0.0,0.0,0.0,0.0,0.0,0.0,0.0,0.0,0.0,0.0,0.0,0.0,0.0,0.0,0.0075,0.0,0.0,0.0,0.0,0.0,0.0
Solutionised  + Artificially peak aged,290.0,325.0,7.0,0.0,0.99,0.0,0.0,0.0,0.0,0.0,0.0,0.0,0.0,0.0,0.0,0.0,0.0,0.0,0.0,0.0,0.0,0.01,0.0,0.0,0.0,0.0,0.0,0.0
Solutionised  + Artificially peak aged,220.0,270.0,7.5,0.0,0.9875,0.0,0.0,0.0,0.0,0.0,0.0,0.0,0.0,0.0,0.0,0.0,0.0,0.0,0.0,0.0,0.0,0.0125,0.0,0.0,0.0,0.0,0.0,0.0
Solutionised  + Artificially peak aged,90.0,190.0,25.0,0.0,0.96,0.0,0.0,0.0,0.0,0.0,0.0,0.0,0.0,0.0,0.0,0.0,0.0,0.04,0.0,0.0,0.0,0.0,0.0,0.0,0.0,0.0,0.0,0.0
Solutionised  + Artificially peak aged,350.0,430.0,13.0,0.0,0.955,0.0,0.0,0.0,0.0,0.0,0.0,0.0,0.0,0.0,0.0,0.0,0.0,0.04,0.0,0.0,0.0,0.005,0.0,0.0,0.0,0.0,0.0,0.0
Solutionised  + Artificially peak aged,410.0,530.0,8.0,0.0,0.95,0.0,0.0,0.0,0.0,0.0,0.0,0.0,0.0,0.0,0.0,0.0,0.0,0.04,0.0,0.0,0.0,0.01,0.0,0.0,0.0,0.0,0.0,0.0
Solutionised,130.0,225.0,4.0,0.0007,0.9208,0.0,0.0,0.0,0.0,0.0,0.0,0.0637,0.0,0.0,0.0057,0.0,0.0,0.0001,0.0018,0.0,0.0,0.0,0.0,0.0,0.0006,0.0,0.0066,0.0
Solutionised,125.0,240.0,6.0,0.0,0.916,0.0,0.0,0.0,0.0,0.0,0.0,0.0685,0.0,0.0,0.006,0.0,0.0,0.0001,0.002,0.0,0.0,0.0,0.0,0.0,0.0006,0.0,0.0068,0.0
Solutionised,130.0,230.0,4.0,0.0003,0.9153,0.0,0.0,0.0,0.0,0.0,0.0,0.0678,0.0,0.0,0.0062,0.0,0.0,0.0001,0.0019,0.0,0.0,0.0,0.0,0.0,0.0008,0.0,0.0076,0.0
Solutionised,140.0,220.0,3.0,0.001,0.9151,0.0,0.0,0.0,0.0,0.0,0.0,0.0684,0.0,0.0,0.0061,0.0,0.0,0.0001,0.0018,0.0,0.0,0.0,0.0,0.0,0.0002,0.0,0.0073,0.0
Strain hardened,58.6,166.0,20.0,0.0,0.969484742,0.0,0.0,0.0,0.0,0.0,0.0,0.001250625,0.0,0.0,0.0035017509999999,0.0,0.0,0.010505253,0.012506253,0.0,0.0,0.0,0.00150075,0.0,0.0,0.0,0.001250625,0.0
Strain hardened,106.0,191.5,15.0,0.0,0.967725794,0.0,0.0,0.0,0.0,0.0,0.002501876,0.000500375,0.0,0.0,0.002001501,0.0,0.0,0.025018764,0.000500375,0.0,0.0,0.0,0.001250938,0.0,0.0,0.0,0.000500375,0.0
Strain hardened,180.0,260.0,14.0,0.0,0.971,0.0,0.0,0.0,0.0,0.0,0.0012,0.0,0.0,0.0,0.0,0.0,0.0,0.027,0.0008,0.0,0.0,0.0,0.0,0.0,0.0,0.0,0.0,0.0
Strain hardened,138.0,240.0,12.95,0.0,0.958197747,0.0,0.0,0.0,0.0,0.0,0.001251564,0.000500626,0.0,0.0,0.002002503,0.0,0.0,0.027033792,0.0075093869999999,0.0,0.0,0.0,0.001251564,0.0,0.001001252,0.0,0.001251564,0.0
Strain hardened,152.5,261.0,12.95,0.0,0.946946947,0.0,0.0,0.0,0.0,0.0,0.001501502,0.000500501,0.0,0.0,0.0025025029999999,0.0,0.0,0.04004004,0.004504505,0.0,0.0,0.0,0.002002002,0.0,0.000750751,0.0,0.001251251,0.0
Strain hardened,148.0,248.5,12.95,0.0,0.940470235,0.0,0.0,0.0,0.0,0.0,0.00150075,0.00050025,0.0,0.0,0.002001001,0.0,0.0,0.0445222609999999,0.0070035019999999,0.0,0.0,0.0,0.002001001,0.0,0.000750375,0.0,0.001250625,0.0
Strain hardened,188.5,305.5,12.95,0.0,0.934233558,0.0,0.0,0.0,0.0,0.0,0.001250313,0.000500125,0.0,0.0,0.0020005,0.0,0.0,0.051012753,0.007501875,0.0,0.0,0.0,0.001250313,0.0,0.00100025,0.0,0.001250313,0.0
Strain hardened,124.105626,248.211252,18.0,0.0,0.9635,0.0,0.0,0.0,0.0,0.0,0.001,0.0,0.0,0.0,0.0,0.0,0.0,0.0275,0.008,0.0,0.0,0.0,0.0,0.0,0.0,0.0,0.0,0.0
Strain hardened,115.0,240.0,25.0,0.0,0.9625,0.0,0.0,0.0,0.0,0.0,0.0025,0.0,0.0,0.0,0.0,0.0,0.0,0.035,0.0,0.0,0.0,0.0,0.0,0.0,0.0,0.0,0.0,0.0
Strain hardened,131.000383,268.895523,14.0,0.0,0.9545,0.0,0.0,0.0,0.0,0.0,0.001,0.0,0.0,0.0,0.0,0.0,0.0,0.04,0.0045,0.0,0.0,0.0,0.0,0.0,0.0,0.0,0.0,0.0
Strain hardened,130.0,270.0,14.0,0.0,0.954,0.0,0.0,0.0,0.0,0.0,0.0015,0.0,0.0,0.0,0.0,0.0,0.0,0.04,0.0045,0.0,0.0,0.0,0.0,0.0,0.0,0.0,0.0,0.0
Strain hardened,158.579411,296.474551,20.0,0.0,0.9465,0.0,0.0,0.0,0.0,0.0,0.001,0.0,0.0,0.0,0.0,0.0,0.0,0.0445,0.008,0.0,0.0,0.0,0.0,0.0,0.0,0.0,0.0,0.0
Strain hardened,165.474168,310.264065,22.0,0.0,0.9385,0.0,0.0,0.0,0.0,0.0,0.001,0.0,0.0,0.0,0.0,0.0,0.0,0.0525,0.008,0.0,0.0,0.0,0.0,0.0,0.0,0.0,0.0,0.0
Strain hardened,172.368925,193.053196,10.0,0.0,0.79,0.0,0.0,0.0,0.0,0.0,0.0,0.01,0.0,0.0,0.0,0.0,0.0,0.0,0.0,0.0,0.0,0.0,0.0,0.2,0.0,0.0,0.0,0.0
Strain hardened,105.0,110.0,12.0,0.0,0.9988,0.0,0.0,0.0,0.0,0.0,0.0,0.0012,0.0,0.0,0.0,0.0,0.0,0.0,0.0,0.0,0.0,0.0,0.0,0.0,0.0,0.0,0.0,0.0
Strain hardened,130.0,140.0,10.0,0.0,0.992,0.0,0.0,0.0,0.0,0.0,0.0,0.0,0.0,0.0,0.0,0.0,0.0,0.008,0.0,0.0,0.0,0.0,0.0,0.0,0.0,0.0,0.0,0.0
Strain hardened,130.0,150.0,7.0,0.0,0.989,0.0,0.0,0.0,0.0,0.0,0.0,0.0,0.0,0.0,0.0,0.0,0.0,0.005,0.006,0.0,0.0,0.0,0.0,0.0,0.0,0.0,0.0,0.0
Strain hardened,125.0,130.0,10.0,0.0,0.9868,0.0,0.0,0.0,0.0,0.0,0.0,0.0012,0.0,0.0,0.0,0.0,0.0,0.0,0.012,0.0,0.0,0.0,0.0,0.0,0.0,0.0,0.0,0.0
Strain hardened,166.0,232.5,14.5,0.0,0.958719039,0.0,0.0,0.0,0.0,0.0,0.001501126,0.000500375,0.0,0.0,0.002001501,0.0,0.0,0.031023267,0.002501876,0.0,0.0,0.0,0.002001501,0.0,0.000750563,0.0,0.001000751,0.0
Strain hardened,205.0,265.0,13.0,0.0,0.95623906,0.0,0.0,0.0,0.0,0.0,0.002500625,0.000500125,0.0,0.0,0.0020005,0.0,0.0,0.035008752,0.000500125,0.0,0.0,0.0,0.001250313,0.0,0.00100025,0.0,0.00100025,0.0
Strain hardened,234.0,317.0,12.0,0.0,0.945709282,0.0,0.0,0.0,0.0,0.0,0.000500375,0.000750563,0.0,0.0,0.0017513129999999,0.0,0.0,0.045033775,0.003502627,0.0,0.0,0.0,0.001000751,0.0,0.000500375,0.0,0.001250938,0.0
Strain hardened,145.0,287.5,23.0,0.0,0.953,0.0,0.0,0.0,0.0,0.0,0.0,0.0,0.0,0.0,0.0,0.0,0.006,0.0409999999999999,0.0,0.0,0.0,0.0,0.0,0.0,0.0,0.0,0.0,0.0
Strain hardened,220.0,350.0,17.1,0.0,0.948,0.0,0.0,0.0,0.0,0.0,0.0,0.0,0.0,0.0,0.0,0.0,0.011,0.0409999999999999,0.0,0.0,0.0,0.0,0.0,0.0,0.0,0.0,0.0,0.0
Strain hardened,315.0,427.5,9.3,0.0,0.942,0.0,0.0,0.0,0.0,0.0,0.0,0.0,0.0,0.0,0.0,0.0,0.017,0.0409999999999999,0.0,0.0,0.0,0.0,0.0,0.0,0.0,0.0,0.0,0.0
Strain Harderned (Hard),115.0,125.0,9.0,0.0,0.9988,0.0,0.0,0.0,0.0,0.0,0.0,0.0012,0.0,0.0,0.0,0.0,0.0,0.0,0.0,0.0,0.0,0.0,0.0,0.0,0.0,0.0,0.0,0.0
Strain Harderned (Hard),115.0,125.0,8.0,0.0,0.998749062,0.0,0.0,0.0,0.0,0.0,0.0,0.000250188,0.0,0.0,0.0,0.0,0.0,0.0,0.000250188,0.0,0.0,0.0,0.0,0.0,0.000250188,0.0,0.000500375,0.0
Strain Harderned (Hard),89.631841,96.526598,12.0,0.0,0.996,0.0,0.0,0.0,0.0,0.0,0.0,0.0,0.0,0.0,0.003,0.0,0.0,0.0,0.0,0.0,0.0,0.0,0.001,0.0,0.0,0.0,0.0,0.0
Strain Harderned (Hard),117.210869,124.105626,9.0,0.0,0.992,0.0,0.0,0.0,0.0,0.0,0.0,0.0002,0.0,0.0,0.0002,0.0,0.0,0.0,0.0002,0.0,0.0,0.0,0.0069999999999999,0.0,0.0002,0.0,0.0002,0.0
Strain Harderned (Hard),150.0,160.0,6.0,0.0,0.992,0.0,0.0,0.0,0.0,0.0,0.0,0.0,0.0,0.0,0.0,0.0,0.0,0.008,0.0,0.0,0.0,0.0,0.0,0.0,0.0,0.0,0.0,0.0
Strain Harderned (Hard),150.0,170.0,5.0,0.0,0.989,0.0,0.0,0.0,0.0,0.0,0.0,0.0,0.0,0.0,0.0,0.0,0.0,0.005,0.006,0.0,0.0,0.0,0.0,0.0,0.0,0.0,0.0,0.0
Strain Harderned (Hard),144.789897,151.684654,8.0,0.0,0.988,0.0,0.0,0.0,0.0,0.0,0.0,0.0,0.0,0.0,0.0,0.0,0.0,0.0,0.012,0.0,0.0,0.0,0.0,0.0,0.0,0.0,0.0,0.0
Strain Harderned (Hard),145.0,150.0,8.0,0.0,0.9868,0.0,0.0,0.0,0.0,0.0,0.0,0.0012,0.0,0.0,0.0,0.0,0.0,0.0,0.012,0.0,0.0,0.0,0.0,0.0,0.0,0.0,0.0,0.0
Strain Harderned (Hard),145.0,160.0,11.0,0.0,0.983237428,0.0,0.0,0.0,0.0,0.0,0.000500375,0.001000751,0.0,0.0,0.003502627,0.0,0.0,0.008006005,0.001000751,0.0,0.0,0.0,0.001501126,0.0,0.0,0.0,0.001250938,0.0
Strain Harderned (Hard),140.0,155.0,9.0,0.0,0.978478478,0.0,0.0,0.0,0.0,0.0,0.000500501,0.000500501,0.0,0.0,0.003503504,0.0,0.0,0.001501502,0.0120120119999999,0.0,0.0,0.0,0.0025025029999999,0.0,0.0,0.0,0.001001001,0.0
Strain Harderned (Hard),150.5,180.0,2.05,0.0,0.977988994,0.0,0.0,0.0,0.0,0.0,0.0010005,0.00150075,0.0,0.0,0.0035017509999999,0.0,0.0,0.0050025009999999,0.005502751,0.0,0.0,0.0,0.0030015009999999,0.0,0.00050025,0.0,0.002001001,0.0
Strain Harderned (Hard),190.5,230.5,12.0,0.0,0.968968969,0.0,0.0,0.0,0.0,0.0,0.000750751,0.000750751,0.0,0.0,0.0025025029999999,0.0,0.0,0.020520521,0.0030030029999999,0.0,0.0,0.0,0.002002002,0.0,0.000750751,0.0,0.000750751,0.0
Strain Harderned (Hard),189.0,255.0,12.0,0.0,0.958719039,0.0,0.0,0.0,0.0,0.0,0.001501126,0.000500375,0.0,0.0,0.002001501,0.0,0.0,0.031023267,0.002501876,0.0,0.0,0.0,0.002001501,0.0,0.000750563,0.0,0.001000751,0.0
Strain Harderned (Hard),235.0,290.5,12.0,0.0,0.958197747,0.0,0.0,0.0,0.0,0.0,0.001251564,0.000500626,0.0,0.0,0.002002503,0.0,0.0,0.027033792,0.0075093869999999,0.0,0.0,0.0,0.001251564,0.0,0.001001252,0.0,0.001251564,0.0
Strain Harderned (Hard),235.0,290.5,12.0,0.0,0.95623906,0.0,0.0,0.0,0.0,0.0,0.002500625,0.000500125,0.0,0.0,0.0020005,0.0,0.0,0.035008752,0.000500125,0.0,0.0,0.0,0.001250313,0.0,0.00100025,0.0,0.00100025,0.0
Strain Harderned (Hard),310.0,400.0,7.0,0.0,0.934,0.0,0.0,0.0,0.0,0.0,0.0,0.0,0.0,0.0,0.0,0.0,0.0,0.06,0.006,0.0,0.0,0.0,0.0,0.0,0.0,0.0,0.0,0.0
Strain Harderned (Hard),251.5,339.0,8.0,0.0,0.945709282,0.0,0.0,0.0,0.0,0.0,0.000500375,0.000750563,0.0,0.0,0.0017513129999999,0.0,0.0,0.045033775,0.003502627,0.0,0.0,0.0,0.001000751,0.0,0.000500375,0.0,0.001250938,0.0
Strain Harderned (Hard),110.316112,117.210869,5.0,0.0,0.9999,0.0,0.0,0.0,0.0,0.0,0.0,0.0,0.0,0.0,0.0001,0.0,0.0,0.0,0.0,0.0,0.0,0.0,0.0,0.0,0.0,0.0,0.0,0.0
Strain Harderned (Hard),117.210869,124.105626,5.0,0.0,0.998,0.0,0.0,0.0,0.0,0.0,0.0,0.0005,0.0,0.0,0.0001,0.0,0.0,0.0,0.0,0.0,0.0,0.0,0.001,0.0,0.0004,0.0,0.0,0.0
Strain Harderned (Hard),50.5,138.0,5.0,0.0,0.99769954,0.0,0.0,0.0,0.0,0.0,0.0,0.00015003,0.0,0.0,0.00075015,0.00015003,0.0,0.0,0.00010002,0.0,0.0,0.0,0.00075015,0.0,0.00015003,0.00025005,0.0,0.0
Strain Harderned (Hard),117.210869,144.789897,5.0,0.0,0.995,0.0,0.0,0.0,0.0,0.0,0.0,0.0005,0.0,0.0,0.0002,0.0,0.0,0.0003,0.0003,0.0,0.0,0.0,0.0002,0.0,0.0002,0.003,0.0003,0.0
Strain Harderned (Hard),227.526981,241.316495,4.0,0.0,0.9845,0.0,0.0,0.0,0.0,0.0,0.0,0.0,0.0,0.0,0.0,0.0,0.0,0.0035,0.012,0.0,0.0,0.0,0.0,0.0,0.0,0.0,0.0,0.0
Strain Harderned (Hard),186.158439,199.947953,4.0,0.0,0.983,0.0,0.0,0.0,0.0,0.0,0.0,0.0,0.0,0.0,0.006,0.0,0.0,0.0,0.0,0.011,0.0,0.0,0.0,0.0,0.0,0.0,0.0,0.0
Strain Harderned (Hard),262.000766,282.685037,7.0,0.0,0.974,0.0,0.0,0.0,0.0,0.0,0.002,0.0,0.0,0.0,0.0,0.0,0.0,0.013,0.011,0.0,0.0,0.0,0.0,0.0,0.0,0.0,0.0,0.0
Strain Harderned (Hard),406.790663,434.369691,10.0,0.0,0.946,0.0,0.0,0.0,0.0,0.0,0.001,0.0,0.0,0.0,0.0,0.0,0.0,0.052,0.001,0.0,0.0,0.0,0.0,0.0,0.0,0.0,0.0,0.0
Strain Harderned (Hard),206.84271,220.632224,4.0,0.0,0.9075,0.0,0.0,0.0,0.0,0.0,0.0,0.01,0.0,0.0,0.0,0.0,0.0,0.0,0.0,0.005,0.0,0.0,0.015,0.0625,0.0,0.0,0.0,0.0
Strain Harderned (Hard),165.0,175.0,3.0,0.0,0.995848547,0.0,0.0,0.0,0.0,0.0,0.0,0.000250088,0.0,0.0,0.0020007,0.0,0.0,0.0,0.000250088,0.0,0.0,0.0,0.001250438,0.0,0.0001500529999999,0.000250088,0.0,0.0
Strain Harderned (Hard),324.053579,330.948336,4.0,0.0,0.9725,0.0,0.0,0.0,0.0,0.0,0.0025,0.0,0.0,0.0,0.0,0.0,0.0,0.025,0.0,0.0,0.0,0.0,0.0,0.0,0.0,0.0,0.0,0.0
Strain Harderned (Hard),256.0,320.0,4.0,0.0,0.969484742,0.0,0.0,0.0,0.0,0.0,0.0,0.001250625,0.0,0.0,0.0035017509999999,0.0,0.0,0.010505253,0.012506253,0.0,0.0,0.0,0.00150075,0.0,0.0,0.0,0.001250625,0.0
Strain Harderned (Hard),246.0,310.5,5.005,0.0,0.967725794,0.0,0.0,0.0,0.0,0.0,0.002501876,0.000500375,0.0,0.0,0.002001501,0.0,0.0,0.025018764,0.000500375,0.0,0.0,0.0,0.001250938,0.0,0.0,0.0,0.000500375,0.0
Strain Harderned (Hard),372.316878,393.001149,4.0,0.0,0.955,0.0,0.0,0.0,0.0,0.0,0.0,0.0,0.0,0.0,0.0,0.0,0.0,0.045,0.0,0.0,0.0,0.0,0.0,0.0,0.0,0.0,0.0,0.0
Strain Harderned (Hard),95.0,160.0,15.0,0.0,0.9991,0.0,0.0,0.0,0.0,0.0,0.0,0.0,0.0,0.0,0.0,0.0,0.0,0.0,0.0,0.0,0.0,0.0,0.0009,0.0,0.0,0.0,0.0,0.0
Strain Harderned (Hard),282.685037,372.316878,12.0,0.0,0.9385,0.0,0.0,0.0,0.0,0.0,0.001,0.0,0.0,0.0,0.0,0.0,0.0,0.0525,0.008,0.0,0.0,0.0,0.0,0.0,0.0,0.0,0.0,0.0
Strain Harderned (Hard),144.789897,158.579411,9.0,0.0,0.9973,0.0,0.0,0.0,0.0,0.0,0.0,0.0,0.0,0.0,0.0,0.0,0.0,0.0012,0.0015,0.0,0.0,0.0,0.0,0.0,0.0,0.0,0.0,0.0
Strain Harderned (Hard),110.316112,131.000383,14.0,0.0,0.996,0.0,0.0,0.0,0.0,0.0,0.0,0.0,0.0,0.0,0.0,0.0,0.0,0.004,0.0,0.0,0.0,0.0,0.0,0.0,0.0,0.0,0.0,0.0
Strain Harderned (Hard),110.316112,137.89514,18.0,0.0,0.9925,0.0,0.0,0.0,0.0,0.0,0.0,0.0,0.0,0.0,0.0,0.0,0.0,0.0075,0.0,0.0,0.0,0.0,0.0,0.0,0.0,0.0,0.0,0.0
Strain Harderned (Hard),137.89514,158.579411,12.0,0.0,0.991,0.0,0.0,0.0,0.0,0.0,0.0,0.001,0.0,0.0,0.0,0.0,0.0,0.006,0.002,0.0,0.0,0.0,0.0,0.0,0.0,0.0,0.0,0.0
Strain Harderned (Hard),158.579411,186.158439,10.0,0.0,0.987,0.0,0.0,0.0,0.0,0.0,0.0,0.0,0.0,0.0,0.0,0.0,0.0,0.01,0.003,0.0,0.0,0.0,0.0,0.0,0.0,0.0,0.0,0.0
Strain Harderned (Hard),165.474168,179.263682,8.0,0.0,0.986,0.0,0.0,0.0,0.0,0.0,0.0,0.0,0.0,0.0,0.0,0.0,0.0,0.005,0.009,0.0,0.0,0.0,0.0,0.0,0.0,0.0,0.0,0.0
Strain Harderned (Hard),158.579411,179.263682,12.0,0.0,0.986,0.0,0.0,0.0,0.0,0.0,0.0,0.001,0.0,0.0,0.0,0.0,0.0,0.01,0.003,0.0,0.0,0.0,0.0,0.0,0.0,0.0,0.0,0.0
Strain Harderned (Hard),170.0,235.0,11.0,0.0,0.975,0.0,0.0,0.0,0.0,0.0,0.0,0.0,0.0,0.0,0.0,0.0,0.0,0.025,0.0,0.0,0.0,0.0,0.0,0.0,0.0,0.0,0.0,0.0
Strain Harderned (Hard),172.368925,234.421738,11.0,0.0,0.973,0.0,0.0,0.0,0.0,0.0,0.0,0.001,0.0,0.0,0.0,0.0,0.0,0.025,0.001,0.0,0.0,0.0,0.0,0.0,0.0,0.0,0.0,0.0
Strain Harderned (Hard),199.947953,275.79028,12.0,0.0,0.964,0.0,0.0,0.0,0.0,0.0,0.0,0.0005,0.0,0.0,0.0,0.0,0.0,0.035,0.0005,0.0,0.0,0.0,0.0,0.0,0.0,0.0,0.0,0.0
Strain Harderned (Hard),144.789897,165.474168,13.0,0.0,0.79,0.0,0.0,0.0,0.0,0.0,0.0,0.01,0.0,0.0,0.0,0.0,0.0,0.0,0.0,0.0,0.0,0.0,0.0,0.2,0.0,0.0,0.0,0.0
Strain Harderned (Hard),179.263682,262.000766,14.0,0.0,0.9635,0.0,0.0,0.0,0.0,0.0,0.001,0.0,0.0,0.0,0.0,0.0,0.0,0.0275,0.008,0.0,0.0,0.0,0.0,0.0,0.0,0.0,0.0,0.0
Strain Harderned (Hard),145.0,170.0,9.0,0.0,0.986,0.0,0.0,0.0,0.0,0.0,0.0,0.0,0.0,0.0,0.0,0.0,0.0,0.0139999999999999,0.0,0.0,0.0,0.0,0.0,0.0,0.0,0.0,0.0,0.0
Strain Harderned (Hard),170.0,215.0,10.0,0.0,0.978,0.0,0.0,0.0,0.0,0.0,0.0,0.0,0.0,0.0,0.0,0.0,0.0,0.01,0.012,0.0,0.0,0.0,0.0,0.0,0.0,0.0,0.0,0.0
Strain Harderned (Hard),205.0,275.0,10.0,0.0,0.971,0.0,0.0,0.0,0.0,0.0,0.0012,0.0,0.0,0.0,0.0,0.0,0.0,0.027,0.0008,0.0,0.0,0.0,0.0,0.0,0.0,0.0,0.0,0.0
Strain Harderned (Hard),205.0,270.0,15.0,0.0,0.9625,0.0,0.0,0.0,0.0,0.0,0.0025,0.0,0.0,0.0,0.0,0.0,0.0,0.035,0.0,0.0,0.0,0.0,0.0,0.0,0.0,0.0,0.0,0.0
Strain Harderned (Hard),206.84271,289.579794,12.0,0.0,0.9545,0.0,0.0,0.0,0.0,0.0,0.001,0.0,0.0,0.0,0.0,0.0,0.0,0.04,0.0045,0.0,0.0,0.0,0.0,0.0,0.0,0.0,0.0,0.0
Strain Harderned (Hard),215.4,312.7,15.9,0.0,0.954,0.0,0.0,0.0,0.0,0.0,0.0015,0.0,0.0,0.0,0.0,0.0,0.0,0.04,0.0045,0.0,0.0,0.0,0.0,0.0,0.0,0.0,0.0,0.0
Strain Harderned (Hard),193.0,290.5,9.0,0.0,0.946946947,0.0,0.0,0.0,0.0,0.0,0.001501502,0.000500501,0.0,0.0,0.0025025029999999,0.0,0.0,0.04004004,0.004504505,0.0,0.0,0.0,0.002002002,0.0,0.000750751,0.0,0.001251251,0.0
Strain Harderned (Hard),227.526981,317.158822,16.0,0.0,0.9465,0.0,0.0,0.0,0.0,0.0,0.001,0.0,0.0,0.0,0.0,0.0,0.0,0.0445,0.008,0.0,0.0,0.0,0.0,0.0,0.0,0.0,0.0,0.0
Strain Harderned (Hard),207.0,300.0,12.95,0.0,0.940470235,0.0,0.0,0.0,0.0,0.0,0.00150075,0.00050025,0.0,0.0,0.002001001,0.0,0.0,0.0445222609999999,0.0070035019999999,0.0,0.0,0.0,0.002001001,0.0,0.000750375,0.0,0.001250625,0.0
Strain Harderned (Hard),210.5,300.0,12.95,0.0,0.934233558,0.0,0.0,0.0,0.0,0.0,0.001250313,0.000500125,0.0,0.0,0.0020005,0.0,0.0,0.051012753,0.007501875,0.0,0.0,0.0,0.001250313,0.0,0.00100025,0.0,0.001250313,0.0
Solutionised + Artificially over aged,80.3,95.6,7.4,0.0,0.9235,0.0001,0.0,0.0,0.0,0.0,0.0,0.0,0.0,0.0,0.0007,0.0,0.0,0.0041,0.0,0.0,0.0,0.0,0.0702,0.0,0.0014,0.0,0.0,0.0
Solutionised + Artificially over aged,92.4,100.0,8.3,0.0,0.9186,0.0001,0.0,0.0,0.0,0.0,0.0,0.0,0.0041,0.0,0.0008,0.0,0.0,0.0032,0.0,0.0,0.0,0.0,0.0721,0.0,0.0011,0.0,0.0,0.0
Solutionised + Artificially over aged,104.0,115.7,12.7,0.0,0.9181,0.0001,0.0,0.0,0.0,0.0,0.0,0.0,0.0022,0.0,0.0008,0.0,0.0,0.0036,0.0,0.0,0.0,0.0,0.0738,0.0,0.0014,0.0,0.0,0.0
Solutionised + Cold Worked + Naturally aged,140.0,190.0,17.0,0.0007,0.9208,0.0,0.0,0.0,0.0,0.0,0.0,0.0637,0.0,0.0,0.0057,0.0,0.0,0.0001,0.0018,0.0,0.0,0.0,0.0,0.0,0.0006,0.0,0.0066,0.0
Solutionised + Cold Worked + Naturally aged,140.0,210.0,15.0,0.0,0.916,0.0,0.0,0.0,0.0,0.0,0.0,0.0685,0.0,0.0,0.006,0.0,0.0,0.0001,0.002,0.0,0.0,0.0,0.0,0.0,0.0006,0.0,0.0068,0.0
Solutionised + Cold Worked + Naturally aged,145.0,180.0,14.0,0.0003,0.9153,0.0,0.0,0.0,0.0,0.0,0.0,0.0678,0.0,0.0,0.0062,0.0,0.0,0.0001,0.0019,0.0,0.0,0.0,0.0,0.0,0.0008,0.0,0.0076,0.0
Solutionised + Cold Worked + Naturally aged,140.0,185.0,14.0,0.001,0.9151,0.0,0.0,0.0,0.0,0.0,0.0,0.0684,0.0,0.0,0.0061,0.0,0.0,0.0001,0.0018,0.0,0.0,0.0,0.0,0.0,0.0002,0.0,0.0073,0.0
Naturally aged,130.0,360.0,25.0,0.0007,0.9208,0.0,0.0,0.0,0.0,0.0,0.0,0.0637,0.0,0.0,0.0057,0.0,0.0,0.0001,0.0018,0.0,0.0,0.0,0.0,0.0,0.0006,0.0,0.0066,0.0
Naturally aged,140.0,350.0,26.0,0.0,0.916,0.0,0.0,0.0,0.0,0.0,0.0,0.0685,0.0,0.0,0.006,0.0,0.0,0.0001,0.002,0.0,0.0,0.0,0.0,0.0,0.0006,0.0,0.0068,0.0
Naturally aged,145.0,360.0,23.0,0.0003,0.9153,0.0,0.0,0.0,0.0,0.0,0.0,0.0678,0.0,0.0,0.0062,0.0,0.0,0.0001,0.0019,0.0,0.0,0.0,0.0,0.0,0.0008,0.0,0.0076,0.0
Naturally aged,150.0,350.0,13.0,0.001,0.9151,0.0,0.0,0.0,0.0,0.0,0.0,0.0684,0.0,0.0,0.0061,0.0,0.0,0.0001,0.0018,0.0,0.0,0.0,0.0,0.0,0.0002,0.0,0.0073,0.0
Solutionised  + Artificially peak aged,380.0,480.0,12.0,0.0007,0.9208,0.0,0.0,0.0,0.0,0.0,0.0,0.0637,0.0,0.0,0.0057,0.0,0.0,0.0001,0.0018,0.0,0.0,0.0,0.0,0.0,0.0006,0.0,0.0066,0.0
Solutionised  + Artificially peak aged,330.0,440.0,8.0,0.0,0.916,0.0,0.0,0.0,0.0,0.0,0.0,0.0685,0.0,0.0,0.006,0.0,0.0,0.0001,0.002,0.0,0.0,0.0,0.0,0.0,0.0006,0.0,0.0068,0.0
Solutionised  + Artificially peak aged,360.0,420.0,4.0,0.0003,0.9153,0.0,0.0,0.0,0.0,0.0,0.0,0.0678,0.0,0.0,0.0062,0.0,0.0,0.0001,0.0019,0.0,0.0,0.0,0.0,0.0,0.0008,0.0,0.0076,0.0
Solutionised  + Artificially peak aged,360.0,400.0,2.0,0.001,0.9151,0.0,0.0,0.0,0.0,0.0,0.0,0.0684,0.0,0.0,0.0061,0.0,0.0,0.0001,0.0018,0.0,0.0,0.0,0.0,0.0,0.0002,0.0,0.0073,0.0
Solutionised + Artificially over aged,528.0,578.0,12.5,0.0,0.8945,0.0,0.0,0.0,0.0,0.0,0.0,0.0145,0.0,0.0,0.0006,0.0,0.0,0.0175,0.0,0.0,0.0,0.0,0.0002,0.0,0.0,0.0,0.0715,0.0012
Solutionised  + Artificially peak aged,530.0,582.0,13.5,0.0,0.8945,0.0,0.0,0.0,0.0,0.0,0.0,0.0145,0.0,0.0,0.0006,0.0,0.0,0.0175,0.0,0.0,0.0,0.0,0.0002,0.0,0.0,0.0,0.0715,0.0012
Naturally aged,89.631841,151.684654,20.0,0.0,0.989,0.0,0.0,0.0,0.0,0.0,0.0,0.0,0.0,0.0,0.0,0.0,0.0,0.0069999999999999,0.0,0.0,0.0,0.0,0.004,0.0,0.0,0.0,0.0,0.0
Naturally aged,65.0,124.5,14.65,0.0,0.984992496,0.0,0.0,0.0,0.0,0.0,0.00050025,0.00050025,0.0,0.0,0.001750875,0.0,0.0,0.006753377,0.00050025,0.0,0.0,0.0,0.004002001,0.0,0.00050025,0.0,0.00050025,0.0
Naturally aged,113.5,184.0,19.5,0.0,0.983237428,0.0,0.0,0.0,0.0,0.0,0.000500375,0.000500375,0.0,0.0,0.0017513129999999,0.0,0.0,0.005003753,0.000500375,0.0,0.0,0.0,0.007505629,0.0,0.000500375,0.0,0.000500375,0.0
Naturally aged,108.5,184.0,18.3,0.0,0.978734051,0.0,0.0,0.0,0.0,0.0,0.001501126,0.001501126,0.0,0.0,0.0017513129999999,0.0,0.0,0.005504128,0.002501876,0.0,0.0,0.0,0.007005254,0.0,0.000500375,0.0,0.001000751,0.0
Naturally aged,90.25,150.5,24.5,0.0,0.976488244,0.0,0.0,0.0,0.0,0.0,0.00050025,0.0010005,0.0,0.0,0.002501251,0.0,0.0,0.004252126,0.0010005,0.0,0.0,0.0,0.012506253,0.0,0.000750375,0.0,0.0010005,0.0
Solutionised  + Artificially peak aged,346.0,434.0,8.2,0.0,0.9297,0.0,0.0,0.0,0.0,0.0,0.0,0.063,0.0,0.0,0.0014,0.0,0.0,0.0,0.0025,0.0,0.0,0.0,0.0008,0.0,0.0007,0.0006,0.0,0.0013
Naturally aged,145.0,323.0,5.8,0.0,0.85462,0.0,0.0,0.0,0.0,0.0,0.0008699999999999,0.0294,0.0,0.0,0.0077,0.0,0.0,0.0022,0.002,0.00072,0.0,0.0,0.09055,0.0,0.0,0.0,0.01194,0.0
Naturally aged,145.0,323.0,5.95,0.0,0.85369,0.0,0.0,0.0,0.0,0.0,0.00119,0.0295,0.0,0.0,0.0074,0.0,0.0,0.0023,0.002,0.00073,0.0,0.0,0.0912,0.0,0.0,0.0,0.01199,0.0
Naturally aged,149.0,310.0,4.6,0.0,0.85359,0.0,0.0,0.0,0.0,0.0,0.00153,0.0296,0.0,0.0,0.0074,0.0,0.0,0.0023,0.0021,0.0009699999999999,0.0,0.0,0.0905,0.0,0.0,0.0,0.01201,0.0
Naturally aged,140.0,325.0,6.1,0.0,0.8527,0.0,0.0,0.0,0.0,0.0,0.00057,0.02996,0.0,0.0,0.0078,0.0,0.0,0.0022,0.0018,0.00074,0.0,0.0,0.0921,0.0,0.0,0.0,0.01213,0.0
Solutionised + Artificially over aged,434.0,508.0,8.5,0.0,0.9055,0.0,0.0,0.0,0.0,0.0,0.0,0.012,0.0,0.0,0.0035,0.0,0.0,0.021,0.0012,0.0,0.0,0.0,0.0058,0.0,0.0,0.0,0.051,0.0
Solutionised + Cold Worked + Naturally aged,375.0,450.0,5.5,0.0,0.9505,0.0,0.0,0.0,0.0,0.0,0.0,0.026,0.0,0.0,0.0,0.0,0.022,0.0,0.0,0.0,0.0,0.0,0.0,0.0,0.0,0.0,0.0,0.0015
Solutionised + Cold Worked + Naturally aged,360.0,550.0,16.0,0.0,0.94,0.0,0.0,0.0,0.0,0.0,0.0,0.045,0.0,0.0,0.0,0.0,0.0,0.015,0.0,0.0,0.0,0.0,0.0,0.0,0.0,0.0,0.0,0.0
Solutionised + Cold Worked + Naturally aged,301.0,408.0,13.5,0.0,0.93784406,0.0,0.0,0.0,0.0,0.0,0.0,0.041036933,0.0,0.0,0.00060054,0.0,0.0,0.014012611,0.004504054,0.0,0.0,0.0,0.00050045,0.0,0.00050045,0.0,0.001000901,0.0
Solutionised + Cold Worked + Naturally aged,296.5,428.5,16.2,0.0,0.935327365,0.0,0.0,0.0,0.0,0.0,0.000250088,0.04251488,0.0,0.0,0.00060021,0.0,0.0,0.014004902,0.005752013,0.0,0.0,0.0,0.000300105,0.0,0.000500175,0.0,0.000750263,0.0
Solutionised + Cold Worked + Naturally aged,296.474551,379.211635,15.0,0.0,0.935,0.0,0.0,0.005,0.0,0.0,0.0,0.055,0.0,0.0,0.0,0.0,0.0,0.0,0.0,0.0,0.005,0.0,0.0,0.0,0.0,0.0,0.0,0.0
Solutionised + Cold Worked + Naturally aged,345.0,485.0,18.0,0.0,0.935,0.0,0.0,0.0,0.0,0.0,0.0,0.044,0.0,0.0,0.0,0.0,0.0,0.015,0.006,0.0,0.0,0.0,0.0,0.0,0.0,0.0,0.0,0.0
Solutionised + Cold Worked + Naturally aged,344.73785,482.63299,18.0,0.0,0.934,0.0,0.0,0.0,0.0,0.0,0.0,0.045,0.0,0.0,0.0,0.0,0.0,0.015,0.006,0.0,0.0,0.0,0.0,0.0,0.0,0.0,0.0,0.0
Solutionised + Cold Worked + Naturally aged,306.0,434.0,24.0,0.0,0.93295,0.0,0.0,0.0,0.0,0.0,0.0005,0.0425,0.0,0.0,0.0012,0.0,0.0,0.0139999999999999,0.00575,0.0,0.0,0.0,0.0006,0.0,0.001,0.0,0.0015,0.0
Solutionised + Cold Worked + Naturally aged,310.0,434.5,11.5,0.0,0.927963982,0.0,0.0,0.0,0.0,0.0,0.00050025,0.043521761,0.0,0.0,0.002501251,0.0,0.0,0.015007504,0.0060030019999999,0.0,0.0,0.0,0.002501251,0.0,0.000750375,0.0,0.001250625,0.0
Solutionised + Cold Worked + Naturally aged,340.0,460.0,18.0,0.0,0.926,0.0,0.0,0.0,0.0,0.0,0.0,0.042,0.0,0.0,0.005,0.0,0.0,0.016,0.006,0.0,0.0,0.0,0.005,0.0,0.0,0.0,0.0,0.0
Solutionised + Cold Worked + Naturally aged,345.0,485.0,18.0,0.0,0.92155,0.0,0.0,0.0,0.0,0.0,0.001,0.0435,0.0,0.0,0.005,0.0,0.0,0.015,0.00645,0.0,0.0,0.0,0.005,0.0,0.0,0.0,0.0025,0.0
Solutionised + Cold Worked + Naturally aged,250.0,360.0,17.0,0.0,0.9334,0.0,0.0,0.0,0.0,0.0,0.0,0.063,0.0,0.0,0.0,0.0,0.0,0.0,0.003,0.0,0.0,0.0,0.0,0.0,0.0006,0.0,0.0,0.0
Solutionised + Cold Worked + Naturally aged,248.211252,372.316878,17.0,0.0,0.9315,0.0,0.0,0.0,0.0,0.0,0.0,0.063,0.0,0.0,0.0,0.0,0.0,0.0,0.003,0.0,0.0,0.0,0.0,0.0,0.0,0.001,0.0,0.0015
Solutionised + Cold Worked + Naturally aged,226.0,352.0,17.0,0.0,0.9508,0.0,0.0,0.0,0.0,0.0,0.0,0.013,0.0,0.0,0.002,0.0,0.025,0.0069999999999999,0.0,0.0,0.0,0.0,0.001,0.0,0.0,0.0,0.0,0.0012
Solutionised + Cold Worked + Naturally aged,309.0,417.0,11.0,0.0,0.9428,0.0,0.0,0.0,0.0,0.0,0.0,0.019,0.0,0.0,0.001,0.0,0.026,0.009,0.0,0.0,0.0,0.0,0.001,0.0,0.0,0.0,0.0,0.0012
Solutionised + Cold Worked + Naturally aged,362.5,496.5,16.5,0.0,0.93410717,0.0,0.0,0.0,0.0,0.0,0.000500325,0.041026667,0.0,0.0,0.000750488,0.0,0.0,0.015009756,0.006003903,0.0,0.0,0.0,0.00060039,0.0,0.000750488,0.0,0.001250813,0.0
Solutionised + Cold Worked + Naturally aged,369.0,451.0,10.0,0.0,0.934,0.0,0.0,0.0,0.0,0.0,0.0,0.0215,0.0,0.0,0.003,0.0,0.02,0.015,0.0,0.0,0.0,0.0,0.002,0.0,0.001,0.0,0.0025,0.001
Solutionised + Cold Worked + Naturally aged,324.0,428.0,21.0,0.0,0.9225,0.0,0.0,0.0,0.0,0.0,0.001,0.044,0.0,0.0,0.005,0.0,0.0,0.015,0.006,0.0,0.0,0.0,0.005,0.0,0.0015,0.0,0.0,0.0
Solutionised + Cold Worked + Naturally aged,344.5,478.5,13.805,0.0,0.939032936,0.0,0.0,0.0,0.0,0.0,0.0,0.0395434979999999,0.0,0.0,0.000350385,0.0,0.0,0.013014316,0.005506057,0.0,0.0,0.0,0.000250275,0.0,0.00030033,0.0,0.000500551,0.001501652
Solutionised + Cold Worked + Naturally aged,365.0,496.0,11.0,0.0,0.9377,0.0,0.0,0.0,0.0,0.0,0.0,0.0395,0.0,0.0,0.0007,0.0,0.0,0.013,0.0055,0.0,0.0,0.0,0.0005,0.0,0.0006,0.0,0.001,0.0015
Solutionised + Cold Worked + Naturally aged,345.0,476.0,10.0,0.0,0.9353,0.0,0.0,0.0,0.0,0.0,0.0,0.0409999999999999,0.0,0.0,0.0015,0.0,0.0,0.015,0.006,0.0,0.0,0.0,0.0012,0.0,0.0,0.0,0.0,0.0
Solutionised + Cold Worked + Naturally aged,370.0,475.0,8.0,0.0,0.9308,0.0,0.0,0.0,0.0,0.0,0.001,0.0409999999999999,0.0,0.0,0.0012,0.0,0.0,0.015,0.006,0.0,0.0,0.0,0.001,0.0,0.0015,0.0,0.0025,0.0
Solutionised + Naturally aged,89.631841,172.368925,22.0,0.0,0.989,0.0,0.0,0.0,0.0,0.0,0.0,0.0,0.0,0.0,0.0,0.0,0.0,0.0069999999999999,0.0,0.0,0.0,0.0,0.004,0.0,0.0,0.0,0.0,0.0
Solutionised + Naturally aged,81.25,135.5,19.5,0.0,0.986993497,0.0,0.0,0.0,0.0,0.0,0.0,0.0010005,0.0,0.0,0.000750375,0.0,0.0,0.006753377,0.000250125,0.0,0.0,0.0,0.004002001,0.0,0.0,0.0,0.000250125,0.0
Solutionised + Naturally aged,65.0,141.0,18.3,0.0,0.986232791,0.0,0.0,0.0,0.0,0.0,0.000250313,0.000500626,0.0,0.0,0.002002503,0.0,0.0,0.004755945,0.000500626,0.0,0.0,0.0,0.004505632,0.0,0.000500626,0.0,0.000750939,0.0
Solutionised + Naturally aged,75.8,141.0,19.5,0.0,0.984992496,0.0,0.0,0.0,0.0,0.0,0.00050025,0.00050025,0.0,0.0,0.001750875,0.0,0.0,0.006753377,0.00050025,0.0,0.0,0.0,0.004002001,0.0,0.00050025,0.0,0.00050025,0.0
Solutionised + Naturally aged,60.0,120.0,17.0,0.0,0.98342,0.0,0.0,0.0,0.0,0.0,0.00028,0.0012,0.0,0.0,0.0021,0.0,0.0,0.0054,0.0015,0.0,0.0,0.0,0.006,0.0,0.0,0.0,0.0001,0.0
Solutionised + Naturally aged,144.789897,241.316495,22.0,0.0,0.9795,0.0,0.0,0.0,0.0,0.0,0.002,0.0025,0.0,0.0,0.0,0.0,0.0,0.01,0.0,0.0,0.0,0.0,0.006,0.0,0.0,0.0,0.0,0.0
Solutionised + Naturally aged,145.0,240.0,22.0,0.0,0.9792,0.0,0.0,0.0,0.0,0.0,0.002,0.0028,0.0,0.0,0.0,0.0,0.0,0.01,0.0,0.0,0.0,0.0,0.006,0.0,0.0,0.0,0.0,0.0
Solutionised + Naturally aged,110.5,210.5,16.25,0.0,0.978734051,0.0,0.0,0.0,0.0,0.0,0.001501126,0.001501126,0.0,0.0,0.0017513129999999,0.0,0.0,0.005504128,0.002501876,0.0,0.0,0.0,0.007005254,0.0,0.000500375,0.0,0.001000751,0.0
Solutionised + Naturally aged,150.0,250.0,20.0,0.0,0.978,0.0,0.0,0.0,0.0,0.0,0.0,0.0,0.0,0.0,0.0,0.0,0.0,0.006,0.006,0.0,0.0,0.0,0.01,0.0,0.0,0.0,0.0,0.0
Solutionised + Naturally aged,142.0,240.0,26.7,0.0,0.977782226,0.0,0.0,0.0,0.0,0.0,0.0005003999999999,0.00060048,0.0,0.0,0.001251001,0.0,0.0,0.005754604,0.00060048,0.0,0.0,0.0,0.0115092069999999,0.0,0.0007506,0.0,0.001251001,0.0
Solutionised + Naturally aged,70.4,141.0,18.3,0.0,0.976488244,0.0,0.0,0.0,0.0,0.0,0.00050025,0.0010005,0.0,0.0,0.002501251,0.0,0.0,0.004252126,0.0010005,0.0,0.0,0.0,0.012506253,0.0,0.000750375,0.0,0.0010005,0.0
Solutionised + Naturally aged,124.5,250.5,28.0,0.0,0.974731048,0.0,0.0,0.0,0.0,0.0,0.000500375,0.009006755,0.0,0.0,0.002001501,0.0,0.0,0.003752815,0.001501126,0.0,0.0,0.0,0.006504879,0.0,0.000500375,0.000250188,0.001250938,0.0
Solutionised + Naturally aged,130.5,240.0,25.0,0.0,0.973229922,0.0,0.0,0.0,0.0,0.0,0.000750563,0.010007506,0.0,0.0,0.002501876,0.0,0.0,0.007005254,0.002501876,0.0,0.0,0.0,0.002501876,0.0,0.0,0.0,0.001501126,0.0
Solutionised + Naturally aged,100.3,223.0,19.5,0.0,0.973021673,0.0,0.0,0.0,0.0,0.0,0.00195205,0.002752891,0.0,0.0,0.003503679,0.0,0.0,0.010010511,0.000750788,0.0,0.0,0.0,0.006006307,0.0,0.000750788,0.0,0.001251314,0.0
Solutionised + Naturally aged,126.0,229.5,24.6,0.0,0.972472472,0.0,0.0,0.0,0.0,0.0,0.000500501,0.003753754,0.0,0.0,0.0025025029999999,0.0,0.0,0.0060060059999999,0.005005005,0.0,0.0,0.0,0.008008008,0.0,0.000500501,0.0,0.001251251,0.0
Solutionised + Naturally aged,165.474168,296.474551,27.0,0.0,0.972,0.0,0.0,0.0,0.0,0.0,0.0,0.025,0.0,0.0,0.0,0.0,0.0,0.003,0.0,0.0,0.0,0.0,0.0,0.0,0.0,0.0,0.0,0.0
Solutionised + Naturally aged,154.5,280.0,26.75,0.0,0.97047047,0.0,0.0,0.0,0.0,0.0,0.000500501,0.0070070069999999,0.0,0.0,0.002002002,0.0,0.0,0.007507508,0.0027527529999999,0.0,0.0,0.0,0.008508509,0.0,0.000500501,0.0,0.000750751,0.0
Solutionised + Naturally aged,60.0,130.0,25.0,0.0,0.9692,0.0,0.0,0.0,0.0,0.0,0.0014,0.0008,0.0,0.0,0.0033,0.0,0.0,0.0078,0.005,0.0,0.0,0.0,0.012,0.0,0.0,0.0,0.0005,0.0
Solutionised + Naturally aged,177.0,293.0,23.65,0.0,0.968468468,0.0,0.0,0.0,0.0,0.0,0.000500501,0.003753754,0.0,0.0,0.0025025029999999,0.0,0.0,0.008008008,0.005005005,0.0,0.0,0.0,0.01001001,0.0,0.000500501,0.0,0.001251251,0.0
Solutionised + Naturally aged,124.5,206.0,18.3,0.0,0.96822617,0.0,0.0,0.0,0.0,0.0,0.001250938,0.000500375,0.0,0.0,0.002501876,0.0,0.0,0.009006755,0.007005254,0.0,0.0,0.0,0.010007506,0.0,0.000500375,0.0,0.001000751,0.0
Solutionised + Naturally aged,228.0,359.0,10.0,0.0,0.968,0.0,0.0,0.0,0.0,0.0,0.0,0.0,0.0,0.0,0.0006,0.0,0.0278,0.0,0.0032,0.0,0.0,0.0,0.0004,0.0,0.0,0.0,0.0,0.0
Solutionised + Naturally aged,195.0,340.0,24.0,0.0,0.967,0.0,0.0,0.0,0.0,0.0,0.0,0.026,0.0,0.0,0.0,0.0,0.0,0.0045,0.0025,0.0,0.0,0.0,0.0,0.0,0.0,0.0,0.0,0.0
Solutionised + Naturally aged,164.3,291.9,22.7,0.0,0.96675,0.0,0.0,0.0,0.0,0.0,0.001,0.0069999999999999,0.0,0.0,0.004,0.0,0.0,0.0075,0.00275,0.0,0.0,0.0,0.0085,0.0,0.001,0.0,0.0015,0.0
Solutionised + Naturally aged,194.5,340.0,24.0,0.0,0.95947974,0.0,0.0,0.0,0.0,0.0,0.00050025,0.026013007,0.0,0.0,0.002501251,0.0,0.0,0.004502251,0.002501251,0.0,0.0,0.0,0.002501251,0.0,0.000750375,0.0,0.001250625,0.0
Solutionised + Naturally aged,206.84271,358.527364,18.0,0.0,0.958,0.0,0.0,0.0,0.0,0.0,0.0,0.009,0.0,0.0,0.0,0.0,0.0,0.011,0.009,0.0,0.0,0.0,0.013,0.0,0.0,0.0,0.0,0.0
Solutionised + Naturally aged,275.79028,427.474934,22.0,0.0,0.95,0.0,0.0,0.0,0.0,0.0,0.0,0.04,0.0,0.0,0.0,0.0,0.0,0.005,0.005,0.0,0.0,0.0,0.0,0.0,0.0,0.0,0.0,0.0
Solutionised + Naturally aged,260.0,309.8,20.1,0.0,0.9483,0.0,0.0,0.0,0.0,0.0,0.0411,0.0,0.0,0.0,0.0104,0.0,0.0,0.0,0.0002,0.0,0.0,0.0,0.0,0.0,0.0,0.0,0.0,0.0
Solutionised + Naturally aged,280.0,330.5,14.05,0.0,0.937015358,0.0,0.0,0.0,0.0,0.0,0.0,0.023012657,0.0,0.0,0.011006053,0.0,0.0,0.01550853,0.0,0.010505778,0.0,0.0,0.001750963,0.0,0.000700385,0.0,0.000500275,0.0
Solutionised + Naturally aged,232.5,399.0,12.95,0.0,0.935967984,0.0,0.0,0.0,0.0,0.0,0.00050025,0.04002001,0.0,0.0,0.0035017509999999,0.0,0.0,0.0060030019999999,0.0070035019999999,0.0,0.0,0.0,0.0050025009999999,0.0,0.000750375,0.0,0.001250625,0.0
Solutionised + Naturally aged,325.0,472.0,20.0,0.0,0.935,0.0,0.0,0.0,0.0,0.0,0.0,0.044,0.0,0.0,0.0,0.0,0.0,0.015,0.006,0.0,0.0,0.0,0.0,0.0,0.0,0.0,0.0,0.0
Solutionised + Naturally aged,438.0,585.0,15.5,0.0037,0.9344,0.0,0.0,0.0,0.0,0.0,0.0,0.045,0.0,0.0,0.0003,0.0,0.0116,0.0036,0.0,0.0,0.0,0.0,0.0001,0.0,0.0,0.0,0.0,0.0013
Solutionised + Naturally aged,289.579794,427.474934,20.0,0.0,0.934,0.0,0.0,0.0,0.0,0.0,0.0,0.044,0.0,0.0,0.0,0.0,0.0,0.005,0.008,0.0,0.0,0.0,0.009,0.0,0.0,0.0,0.0,0.0
Solutionised + Naturally aged,324.053579,468.843476,20.0,0.0,0.934,0.0,0.0,0.0,0.0,0.0,0.0,0.045,0.0,0.0,0.0,0.0,0.0,0.015,0.006,0.0,0.0,0.0,0.0,0.0,0.0,0.0,0.0,0.0
Solutionised + Naturally aged,456.79,516.16,7.41,0.0,0.9323,0.0,0.0,0.0,0.0,0.0,0.0001,0.0399,0.0,0.0,0.0012,0.0,0.0234,0.0002,0.0001,0.0001,0.0,0.0,0.0,0.0,0.0001,0.0,0.0005,0.0021
Solutionised + Naturally aged,330.72,378.95,17.0,0.0,0.932,0.0,0.0,0.0,0.0,0.0,0.0014,0.0,0.0,0.0,0.0012,0.0,0.0,0.0104,0.0022,0.0,0.0,0.0,0.0009,0.0,0.0,0.0,0.0507,0.0012
Solutionised + Naturally aged,289.0,402.0,13.0,0.0,0.927963982,0.0,0.0,0.0,0.0,0.0,0.00050025,0.043521761,0.0,0.0,0.002501251,0.0,0.0,0.015007504,0.0060030019999999,0.0,0.0,0.0,0.002501251,0.0,0.000750375,0.0,0.001250625,0.0
Solutionised + Naturally aged,270.0,395.0,12.0,0.0,0.927927928,0.0,0.0,0.0,0.0,0.0,0.000500501,0.044544545,0.0,0.0,0.003503504,0.0,0.0,0.005005005,0.008008008,0.0,0.0,0.0,0.008508509,0.0,0.000750751,0.0,0.001251251,0.0
Solutionised + Naturally aged,400.0,460.0,15.0,0.0,0.926,0.0,0.0,0.0,0.0,0.0,0.0,0.001,0.0,0.0,0.002,0.0,0.0,0.025,0.002,0.0,0.0,0.0,0.001,0.0,0.0,0.0,0.043,0.0
Solutionised + Naturally aged,378.95,437.52,15.4,0.0,0.9251,0.0,0.0,0.0,0.0,0.0,0.0014,0.0,0.0,0.0,0.0014,0.0,0.0,0.0278,0.0023,0.0,0.0,0.0,0.0009,0.0,0.0,0.0,0.0401,0.001
Solutionised + Naturally aged,250.0,390.0,10.5,0.0,0.9248,0.0,0.0,0.0,0.0,0.0,0.0,0.0442,0.0,0.0,0.0053,0.0,0.0,0.0136,0.0071,0.0,0.0,0.0,0.005,0.0,0.0,0.0,0.0,0.0
Solutionised + Naturally aged,240.0,360.0,5.0,0.0,0.9083,0.0,0.0,0.0,0.0,0.0,0.0,0.0409,0.0,0.0,0.0058,0.0,0.0186,0.0139999999999999,0.0075,0.0,0.0,0.0,0.0049,0.0,0.0,0.0,0.0,0.0
Solutionised + Naturally aged,461.5,569.1,20.0,0.0,0.9006,0.0,0.0,0.0,0.0,0.0,0.0019,0.0153,0.0,0.0,0.0008,0.0,0.0,0.0224,0.0006,0.0,0.0,0.0,0.0002,0.0,0.0002,0.0,0.0579999999999999,0.0
Solutionised + Naturally aged,245.0,335.0,4.0,0.0,0.893,0.0,0.0,0.0,0.0,0.0,0.0,0.0416,0.0,0.0,0.0046,0.0,0.0382,0.0128,0.0048,0.0,0.0,0.0,0.005,0.0,0.0,0.0,0.0,0.0
Solutionised + Naturally aged,185.0,360.0,20.0,0.0,0.9334,0.0,0.0,0.0,0.0,0.0,0.0,0.063,0.0,0.0,0.0,0.0,0.0,0.0,0.003,0.0,0.0,0.0,0.0,0.0,0.0006,0.0,0.0,0.0
Artificial aged,144.789897,186.158439,12.0,0.0,0.989,0.0,0.0,0.0,0.0,0.0,0.0,0.0,0.0,0.0,0.0,0.0,0.0,0.0069999999999999,0.0,0.0,0.0,0.0,0.004,0.0,0.0,0.0,0.0,0.0
Artificial aged,119.0,162.5,9.75,0.0,0.984992496,0.0,0.0,0.0,0.0,0.0,0.00050025,0.00050025,0.0,0.0,0.001750875,0.0,0.0,0.006753377,0.00050025,0.0,0.0,0.0,0.004002001,0.0,0.00050025,0.0,0.00050025,0.0
Artificial aged,260.0,281.5,12.2,0.0,0.983237428,0.0,0.0,0.0,0.0,0.0,0.000500375,0.000500375,0.0,0.0,0.0017513129999999,0.0,0.0,0.005003753,0.000500375,0.0,0.0,0.0,0.007505629,0.0,0.000500375,0.0,0.000500375,0.0
Artificial aged,216.5,276.0,9.75,0.0,0.978734051,0.0,0.0,0.0,0.0,0.0,0.001501126,0.001501126,0.0,0.0,0.0017513129999999,0.0,0.0,0.005504128,0.002501876,0.0,0.0,0.0,0.007005254,0.0,0.000500375,0.0,0.001000751,0.0
Artificial aged,185.0,221.0,13.2,0.0,0.976488244,0.0,0.0,0.0,0.0,0.0,0.00050025,0.0010005,0.0,0.0,0.002501251,0.0,0.0,0.004252126,0.0010005,0.0,0.0,0.0,0.012506253,0.0,0.000750375,0.0,0.0010005,0.0
Artificial aged,315.0,375.0,14.05,0.0,0.931558935,0.0,0.0,0.0,0.0,0.0,0.002251351,0.0010006,0.0,0.0,0.002001201,0.0,0.0,0.0120072039999999,0.002751651,0.0,0.0,0.0,0.001751051,0.0,0.00025015,0.0,0.0450270159999999,0.001400841
Artificial aged,125.0,139.0,1.0,0.0,0.7995,0.0,0.0,0.0,0.0,0.0,0.0,0.0025,0.0,0.0,0.0025,0.0,0.0,0.0095,0.003,0.0,0.0,0.0,0.18,0.0,0.002,0.0,0.001,0.0
Artificial aged,153.0,167.0,1.0,0.0,0.795,0.0,0.0,0.0,0.0,0.0,0.0,0.0025,0.0,0.0,0.006,0.0,0.0,0.0105,0.003,0.0,0.0,0.0,0.18,0.0,0.002,0.0,0.001,0.0
Artificial aged,229.0,264.0,1.0,0.0,0.789,0.0,0.0,0.0,0.0,0.0,0.0,0.0025,0.0,0.0,0.012,0.0,0.0,0.0105,0.003,0.0,0.0,0.0,0.18,0.0,0.002,0.0,0.001,0.0
Artificial aged,139.0,139.0,0.5,0.0,0.758,0.0,0.0,0.0,0.0,0.0,0.0,0.0025,0.0,0.0,0.0025,0.0,0.0,0.011,0.003,0.0,0.0,0.0,0.22,0.0,0.002,0.0,0.001,0.0
Artificial aged,160.0,160.0,0.5,0.0,0.7545,0.0,0.0,0.0,0.0,0.0,0.0,0.0025,0.0,0.0,0.006,0.0,0.0,0.011,0.003,0.0,0.0,0.0,0.22,0.0,0.002,0.0,0.001,0.0
Artificial aged,236.0,236.0,0.5,0.0,0.7495,0.0,0.0,0.0,0.0,0.0,0.0,0.0025,0.0,0.0,0.011,0.0,0.0,0.011,0.003,0.0,0.0,0.0,0.22,0.0,0.002,0.0,0.001,0.0
Solutionised  + Artificially peak aged,193.053196,220.632224,15.0,0.0,0.99,0.0,0.0,0.0,0.0,0.0,0.0,0.0,0.0,0.0,0.0,0.0,0.0,0.005,0.0,0.0,0.0,0.0,0.005,0.0,0.0,0.0,0.0,0.0
Solutionised  + Artificially peak aged,213.737467,241.316495,12.0,0.0,0.989,0.0,0.0,0.0,0.0,0.0,0.0,0.0,0.0,0.0,0.0,0.0,0.0,0.0069999999999999,0.0,0.0,0.0,0.0,0.004,0.0,0.0,0.0,0.0,0.0
Solutionised  + Artificially peak aged,195.0,220.0,15.0,0.0,0.989,0.0,0.0,0.0,0.0,0.0,0.0,0.0,0.0,0.0,0.0,0.0,0.0,0.006,0.0,0.0,0.0,0.0,0.005,0.0,0.0,0.0,0.0,0.0
Solutionised  + Artificially peak aged,227.526981,268.895523,13.0,0.0,0.9885,0.0,0.0,0.0,0.0,0.0,0.0,0.0025,0.0,0.0,0.0,0.0,0.0,0.006,0.0,0.0,0.0,0.0,0.003,0.0,0.0,0.0,0.0,0.0
Solutionised  + Artificially peak aged,173.5,200.5,12.2,0.0,0.986993497,0.0,0.0,0.0,0.0,0.0,0.0,0.0010005,0.0,0.0,0.000750375,0.0,0.0,0.006753377,0.000250125,0.0,0.0,0.0,0.004002001,0.0,0.0,0.0,0.000250125,0.0
Solutionised  + Artificially peak aged,162.5,206.0,9.75,0.0,0.986232791,0.0,0.0,0.0,0.0,0.0,0.000250313,0.000500626,0.0,0.0,0.002002503,0.0,0.0,0.004755945,0.000500626,0.0,0.0,0.0,0.004505632,0.0,0.000500626,0.0,0.000750939,0.0
Solutionised  + Artificially peak aged,269.2,289.9,12.1,0.0,0.98581,0.0,0.0,0.0,0.0,0.0,0.0,0.00026,0.0,0.0,0.0018,0.0,0.0,0.0055,0.0007,5e-05,0.0,0.0,0.0055,0.0,0.00018,0.0,0.0002,0.0
Solutionised  + Artificially peak aged,184.0,222.0,11.0,0.0,0.984992496,0.0,0.0,0.0,0.0,0.0,0.00050025,0.00050025,0.0,0.0,0.001750875,0.0,0.0,0.006753377,0.00050025,0.0,0.0,0.0,0.004002001,0.0,0.00050025,0.0,0.00050025,0.0
Solutionised  + Artificially peak aged,189.0,303.0,24.4,0.0,0.9845,0.0,0.0,0.0,0.0,0.0,0.0,0.0002,0.0,0.0,0.0025,0.0,0.0,0.0069,0.0045,0.0,0.0,0.0,0.001,0.0,0.0,0.0,0.0004,0.0
Solutionised  + Artificially peak aged,230.0,250.0,7.0,0.0,0.9831,0.0,0.0,0.0,0.0,0.0,0.0013,0.0,0.0,0.0,0.0019,0.0,0.0,0.0074,0.0003,0.0,0.0,0.0,0.006,0.0,0.0,0.0,0.0,0.0
Solutionised  + Artificially peak aged,296.474551,330.948336,17.0,0.0,0.9815,0.0,0.0,0.0,0.0,0.0,0.0025,0.0,0.0,0.0,0.0,0.0,0.0,0.006,0.0,0.0,0.0,0.0,0.01,0.0,0.0,0.0,0.0,0.0
Solutionised  + Artificially peak aged,280.0,310.0,9.0,0.0,0.9797,0.0,0.0,0.0,0.0,0.0,0.0,0.0,0.0,0.0,0.002,0.0,0.0,0.0056,0.0047,0.0,0.0,0.0,0.008,0.0,0.0,0.0,0.0,0.0
Solutionised  + Artificially peak aged,275.79028,310.264065,12.0,0.0,0.9795,0.0,0.0,0.0,0.0,0.0,0.002,0.0025,0.0,0.0,0.0,0.0,0.0,0.01,0.0,0.0,0.0,0.0,0.006,0.0,0.0,0.0,0.0,0.0
Solutionised  + Artificially peak aged,298.0,325.3,17.5,0.0,0.9793,0.0,0.0,0.0,0.0,0.0,0.002,0.0027,0.0,0.0,0.0,0.0,0.0,0.01,0.0,0.0,0.0,0.0,0.006,0.0,0.0,0.0,0.0,0.0
Solutionised  + Artificially peak aged,275.0,310.0,12.0,0.0,0.9792,0.0,0.0,0.0,0.0,0.0,0.002,0.0028,0.0,0.0,0.0,0.0,0.0,0.01,0.0,0.0,0.0,0.0,0.006,0.0,0.0,0.0,0.0,0.0
Solutionised  + Artificially peak aged,322.0,365.0,16.6,0.0,0.97877,0.0,0.0,0.0,0.0,0.0,0.0005,0.0024,0.0,0.0,0.002,0.0001,0.0,0.0093,0.0001,0.0,0.0,0.0,0.0066,0.0,0.00013,0.0001,0.0,0.0
Solutionised  + Artificially peak aged,243.5,292.5,9.75,0.0,0.978734051,0.0,0.0,0.0,0.0,0.0,0.001501126,0.001501126,0.0,0.0,0.0017513129999999,0.0,0.0,0.005504128,0.002501876,0.0,0.0,0.0,0.007005254,0.0,0.000500375,0.0,0.001000751,0.0
Solutionised  + Artificially peak aged,296.474551,337.843093,13.0,0.0,0.978,0.0,0.0,0.0,0.0,0.0,0.0,0.0,0.0,0.0,0.0,0.0,0.0,0.006,0.006,0.0,0.0,0.0,0.01,0.0,0.0,0.0,0.0,0.0
Solutionised  + Artificially peak aged,220.632224,255.106009,13.0,0.0,0.9775,0.0,0.0,0.0,0.0,0.0,0.0025,0.0,0.0,0.0,0.0,0.0,0.0,0.013,0.0,0.0,0.0,0.0,0.0069999999999999,0.0,0.0,0.0,0.0,0.0
Solutionised  + Artificially peak aged,211.0,265.5,12.2,0.0,0.976488244,0.0,0.0,0.0,0.0,0.0,0.00050025,0.0010005,0.0,0.0,0.002501251,0.0,0.0,0.004252126,0.0010005,0.0,0.0,0.0,0.012506253,0.0,0.000750375,0.0,0.0010005,0.0
Solutionised  + Artificially peak aged,370.0,385.0,10.0,0.0,0.9764,0.0,0.0,0.0,0.0,0.0,0.0,0.0,0.0,0.0,0.002,0.0,0.0,0.0064,0.0052,0.0,0.0,0.0,0.01,0.0,0.0,0.0,0.0,0.0
Solutionised  + Artificially peak aged,235.0,283.0,26.0,0.0,0.9763,0.0,0.0,0.0,0.0,0.0,0.0,0.0022,0.0,0.0,0.0035,0.0,0.0,0.011,0.0012,0.0,0.0,0.0,0.0058,0.0,0.0,0.0,0.0,0.0
Solutionised  + Artificially peak aged,282.0,298.3,13.0,0.0,0.97458,0.0,0.0,0.0,0.0,0.0,0.0,0.00022,0.0,0.0,0.0016,0.0,0.0,0.0076,0.0056,4e-05,0.0,0.0,0.01,0.0,0.0002299999999999,0.0,0.00013,0.0
Solutionised  + Artificially peak aged,260.0,314.0,12.2,0.0,0.973021673,0.0,0.0,0.0,0.0,0.0,0.00195205,0.002752891,0.0,0.0,0.003503679,0.0,0.0,0.010010511,0.000750788,0.0,0.0,0.0,0.006006307,0.0,0.000750788,0.0,0.001251314,0.0
Solutionised  + Artificially peak aged,231.0,302.0,12.3,0.0,0.97298,0.0,0.0,0.0,0.0,0.0,0.0,1e-05,0.0,0.0,0.001,0.0,0.0,0.0121,0.001,0.0,0.0,0.0,0.0129,0.0,0.0,0.0,1e-05,0.0
Solutionised  + Artificially peak aged,276.0,328.0,12.2,0.0,0.972486243,0.0,0.0,0.0,0.0,0.0,0.002501251,0.001750875,0.0,0.0,0.0050025009999999,0.0,0.0,0.006253127,0.0010005,0.0,0.0,0.0,0.009004502,0.0,0.000750375,0.0,0.001250625,0.0
Solutionised  + Artificially peak aged,310.5,343.0,12.35,0.0,0.972472472,0.0,0.0,0.0,0.0,0.0,0.000500501,0.003753754,0.0,0.0,0.0025025029999999,0.0,0.0,0.0060060059999999,0.005005005,0.0,0.0,0.0,0.008008008,0.0,0.000500501,0.0,0.001251251,0.0
Solutionised  + Artificially peak aged,85.0,205.0,24.6,0.0,0.97102,0.0,0.0,0.0,0.0,0.0,0.00021,0.00321,0.0,0.0,0.00456,0.0,0.0,0.0091,0.00212,0.0,0.0,0.0,0.008,0.0,0.0,0.0,0.00178,0.0
Solutionised  + Artificially peak aged,329.35,348.8,14.4,0.0,0.97062,0.0,0.0,0.0,0.0,0.0,0.0035,0.0035,0.0,0.0,0.0016,0.0,0.0,0.0107,0.0015,7e-05,0.0,0.0,0.0078,0.0,0.00029,0.0,0.00042,0.0
Solutionised  + Artificially peak aged,290.0,385.0,3.5,0.0,0.9705,0.0,0.0,0.0,0.0,0.001,0.0,0.0,0.0,0.0,0.0,0.0,0.0285,0.0,0.0,0.0,0.0,0.0,0.0,0.0,0.0,0.0,0.0,0.0
Solutionised  + Artificially peak aged,366.0,404.0,2.0,0.0,0.9699,0.0,0.0,0.0,0.0,0.0,0.0,0.0,0.0,0.0,0.0007,0.0,0.0276,0.0,0.0,0.0,0.0,0.0,0.0004,0.0,0.0,0.0,0.0,0.0014
Solutionised  + Artificially peak aged,358.527364,393.001149,12.0,0.0,0.9695,0.0,0.0,0.0,0.0,0.0,0.0,0.0025,0.0,0.0,0.0,0.0,0.0,0.008,0.0069999999999999,0.0,0.0,0.0,0.013,0.0,0.0,0.0,0.0,0.0
Solutionised  + Artificially peak aged,362.0,382.5,11.5,0.0,0.968468468,0.0,0.0,0.0,0.0,0.0,0.000500501,0.003753754,0.0,0.0,0.0025025029999999,0.0,0.0,0.008008008,0.005005005,0.0,0.0,0.0,0.01001001,0.0,0.000500501,0.0,0.001251251,0.0
Solutionised  + Artificially peak aged,322.0,365.0,16.5,0.0,0.968355,0.0,4.5e-05,0.0,0.0,0.0,0.0015,0.00275,0.0,0.0,0.0069999999999999,0.0003,0.0,0.01,0.0015,0.0,0.0,0.0,0.006,0.0,0.0015,0.00105,0.0,0.0
Solutionised  + Artificially peak aged,260.0,319.5,9.75,0.0,0.96822617,0.0,0.0,0.0,0.0,0.0,0.001250938,0.000500375,0.0,0.0,0.002501876,0.0,0.0,0.009006755,0.007005254,0.0,0.0,0.0,0.010007506,0.0,0.000500375,0.0,0.001000751,0.0
Solutionised  + Artificially peak aged,350.0,380.0,10.0,0.0,0.9682,0.0,0.0,0.0,0.0,0.0,0.0,0.0028,0.0,0.0,0.0,0.0,0.0,0.008,0.0069999999999999,0.0,0.0,0.0,0.0139999999999999,0.0,0.0,0.0,0.0,0.0
Solutionised  + Artificially peak aged,324.0,345.0,12.0,0.0,0.96775,0.0,0.0,0.0,0.0,0.0,0.001,0.00375,0.0,0.0,0.005,0.0,0.0,0.006,0.005,0.0,0.0,0.0,0.008,0.0,0.0,0.001,0.0025,0.0
Solutionised  + Artificially peak aged,324.0,400.0,5.0,0.0,0.9675,0.0,0.0,0.0,0.0,0.004,0.0,0.0,0.0,0.0,0.0,0.0,0.0285,0.0,0.0,0.0,0.0,0.0,0.0,0.0,0.0,0.0,0.0,0.0
Solutionised  + Artificially peak aged,331.0,358.0,8.0,0.0,0.9675,0.0,0.0,0.0,0.0,0.0,0.0,0.008,0.0,0.0,0.003,0.0,0.0,0.01,0.0035,0.0,0.0,0.0,0.008,0.0,0.0,0.0,0.0,0.0
Solutionised  + Artificially peak aged,360.0,405.0,8.0,0.0,0.9663,0.0,0.0,0.0,0.0,0.0,0.0,0.0097,0.0,0.0,0.0014,0.0,0.0,0.0098,0.0051,0.0,0.0,0.0,0.0077,0.0,0.0,0.0,0.0,0.0
Solutionised  + Artificially peak aged,276.0,365.0,14.0,0.0,0.96625,0.0,0.0,0.0,0.0,0.0,0.0025,0.00275,0.0,0.0,0.0069999999999999,0.0,0.0,0.01,0.0015,0.0,0.0,0.0,0.006,0.0,0.0015,0.0,0.0025,0.0
Solutionised  + Artificially peak aged,373.0,408.0,11.7,0.0,0.96592,0.0,0.0,0.0,0.0,0.0,0.0022,0.0058,0.0,0.0,0.0028,0.0002,0.0,0.0132,0.0002,0.0,0.0,0.0,0.0079,0.0,0.0004799999999999,0.0013,0.0,0.0
Solutionised  + Artificially peak aged,373.0,408.0,11.7,0.0,0.96456,0.0,0.0,0.0,0.0,0.0,0.00215,0.0077,0.0,0.0,0.00205,0.0,0.0,0.01435,0.0,0.0,0.0,0.0,0.00895,0.0,0.0002399999999999,0.0,0.0,0.0
Solutionised  + Artificially peak aged,336.0,357.5,7.32,0.0,0.963963964,0.0,0.0,0.0,0.0,0.0,0.000500501,0.0027527529999999,0.0,0.0,0.0025025029999999,0.0,0.0,0.008508509,0.0070070069999999,0.0,0.0,0.0,0.0135135139999999,0.0,0.0,0.0,0.001251251,0.0
Solutionised  + Artificially peak aged,372.0,386.0,11.0,0.0,0.96375,0.0,0.0,0.0,0.0,0.0,0.001,0.00375,0.0,0.0,0.005,0.0,0.0,0.008,0.005,0.0,0.0,0.0,0.01,0.0,0.0,0.001,0.0025,0.0
Solutionised  + Artificially peak aged,351.0,395.5,8.74,0.0,0.963722792,0.0,0.0,0.0,0.0,0.0,0.000500375,0.00850638,0.0,0.0,0.002501876,0.0,0.0,0.010007506,0.005003753,0.0,0.0,0.0,0.008006005,0.0,0.000500375,0.0,0.001250938,0.0
Solutionised  + Artificially peak aged,349.0,440.0,6.0,0.0,0.9635,0.0,0.0,0.0,0.0,0.008,0.0,0.0,0.0,0.0,0.0,0.0,0.0285,0.0,0.0,0.0,0.0,0.0,0.0,0.0,0.0,0.0,0.0,0.0
Solutionised  + Artificially peak aged,260.0,314.0,12.2,0.0,0.963169977,0.0,0.0,0.00548957,0.0,0.0,0.000898293,0.002744785,0.0,0.0,0.0034933629999999,0.0,0.0,0.009981036,0.000748578,0.0,0.00548957,0.0,0.005988622,0.0,0.000748578,0.0,0.00124763,0.0
Solutionised  + Artificially peak aged,260.0,310.0,6.0,0.0,0.9625,0.0,0.0,0.0,0.0,0.0,0.0025,0.001,0.0,0.0,0.005,0.0,0.0,0.009,0.0069999999999999,0.0,0.0,0.0,0.01,0.0,0.001,0.0,0.002,0.0
Solutionised  + Artificially peak aged,325.0,373.5,9.75,0.0,0.95959596,0.0,0.0,0.0,0.0,0.0,0.000505051,0.002777778,0.0,0.0,0.002525253,0.0,0.0,0.011111111,0.008585859,0.0,0.0,0.0,0.013636364,0.0,0.0,0.0,0.001262626,0.0
Solutionised  + Artificially peak aged,359.0,369.0,8.0,0.0,0.959,0.0,0.0,0.0,0.0,0.0,0.001,0.0085,0.0,0.0,0.005,0.0,0.0,0.01,0.005,0.0,0.0,0.0,0.008,0.0,0.001,0.0,0.0025,0.0
Solutionised  + Artificially peak aged,358.527364,393.001149,12.0,0.0,0.958,0.0,0.0,0.0,0.0,0.0,0.0,0.009,0.0,0.0,0.0,0.0,0.0,0.011,0.009,0.0,0.0,0.0,0.013,0.0,0.0,0.0,0.0,0.0
Solutionised  + Artificially peak aged,425.0,518.0,19.3,0.0,0.955,0.0,0.0,0.0,0.0,0.0,0.0,0.033,0.0,0.0,0.0,0.0,0.0,0.012,0.0,0.0,0.0,0.0,0.0,0.0,0.0,0.0,0.0,0.0
Solutionised  + Artificially peak aged,270.0,408.0,19.6,0.0,0.95269,0.0,0.0,0.0,0.0,0.0,0.0,0.0397,0.0,0.0,0.0001,0.0,0.0,0.006,0.0001,0.0,0.0,0.0,0.0014,0.0,0.0,0.0,1e-05,0.0
Solutionised  + Artificially peak aged,317.0,383.0,12.2,0.0,0.9445,0.0,0.0,0.0,0.0,0.0,0.0,0.0,0.0,0.0,0.0,0.0,0.0,0.012,0.0,0.0,0.0,0.0,0.0,0.0,0.0,0.0,0.042,0.0015
Solutionised  + Artificially peak aged,451.0,503.0,10.5,0.006,0.9424,0.0,0.0,0.0,0.0,0.0,0.0001,0.0435,0.0,0.0,0.0002,0.0,0.0,0.0036,0.0034,0.0,0.0,0.0,0.0005,0.0,0.0001,0.0,0.0002,0.0
Solutionised  + Artificially peak aged,420.0,510.0,13.0,0.0,0.94,0.0,0.0,0.0,0.0,0.0,0.0,0.045,0.0,0.0,0.0,0.0,0.0,0.015,0.0,0.0,0.0,0.0,0.0,0.0,0.0,0.0,0.0,0.0
Solutionised  + Artificially peak aged,255.106009,399.895906,19.0,0.0,0.939,0.0,0.0,0.0,0.0,0.0,0.0,0.045,0.0,0.0,0.0,0.0,0.0,0.0,0.008,0.0,0.0,0.0,0.008,0.0,0.0,0.0,0.0,0.0
Solutionised  + Artificially peak aged,472.5,550.0,7.25,0.0,0.93848541,0.0,0.0,0.0,0.0,0.0,0.0005005259999999,0.019019971,0.0,0.0,0.002502628,0.0,0.026027329,0.008508934,0.0005005259999999,0.0,0.0,0.0,0.001501577,0.0,0.0005005259999999,0.0,0.001251314,0.001201261
Solutionised  + Artificially peak aged,314.0,356.0,2.9,0.0,0.9381,0.0,0.0,0.0,0.0,0.0,0.0001,0.0391,0.0,0.0,0.0029,0.0,0.0,0.0047,0.0055,0.0,0.0,0.0,0.0083,0.0,0.0007,0.0,0.0006,0.0
Solutionised  + Artificially peak aged,350.0,420.0,8.5,0.0,0.937015358,0.0,0.0,0.0,0.0,0.0,0.0,0.023012657,0.0,0.0,0.011006053,0.0,0.0,0.01550853,0.0,0.010505778,0.0,0.0,0.001750963,0.0,0.000700385,0.0,0.000500275,0.0
Solutionised  + Artificially peak aged,530.896288999999,579.159588,3.0,0.0,0.937,0.0,0.0,0.0,0.002,0.0,0.0,0.045,0.0,0.0,0.0,0.0,0.011,0.0,0.005,0.0,0.0,0.0,0.0,0.0,0.0,0.0,0.0,0.0
Solutionised  + Artificially peak aged,268.895523,393.001149,17.0,0.0,0.935,0.0,0.0,0.005,0.0,0.0,0.0,0.055,0.0,0.0,0.0,0.0,0.0,0.0,0.0,0.0,0.005,0.0,0.0,0.0,0.0,0.0,0.0,0.0
Solutionised  + Artificially peak aged,435.0,485.0,7.0,0.0069999999999999,0.935,0.0,0.0,0.0,0.0,0.0,0.0,0.046,0.0,0.0,0.0015,0.0,0.0,0.0035,0.0035,0.0,0.0,0.0,0.001,0.0,0.0025,0.0,0.0,0.0
Solutionised  + Artificially peak aged,440.0,704.0,3.7,0.0,0.935,0.0,0.0,0.0,0.0,0.0,0.0,0.044,0.0,0.0,0.0,0.0,0.0,0.015,0.006,0.0,0.0,0.0,0.0,0.0,0.0,0.0,0.0,0.0
Solutionised  + Artificially peak aged,680.0,720.0,4.0,0.0037,0.9344,0.0,0.0,0.0,0.0,0.0,0.0,0.045,0.0,0.0,0.0003,0.0,0.0116,0.0036,0.0,0.0,0.0,0.0,0.0001,0.0,0.0,0.0,0.0,0.0013
Solutionised  + Artificially peak aged,393.001149,475.738233,10.0,0.0,0.934,0.0,0.0,0.0,0.0,0.0,0.0,0.045,0.0,0.0,0.0,0.0,0.0,0.015,0.006,0.0,0.0,0.0,0.0,0.0,0.0,0.0,0.0,0.0
Solutionised  + Artificially peak aged,413.68542,482.63299,13.0,0.0,0.934,0.0,0.0,0.0,0.0,0.0,0.0,0.044,0.0,0.0,0.0,0.0,0.0,0.005,0.008,0.0,0.0,0.0,0.009,0.0,0.0,0.0,0.0,0.0
Solutionised  + Artificially peak aged,508.9,559.24,6.53,0.0,0.9323,0.0,0.0,0.0,0.0,0.0,0.0001,0.0399,0.0,0.0,0.0012,0.0,0.0234,0.0002,0.0001,0.0001,0.0,0.0,0.0,0.0,0.0001,0.0,0.0005,0.0021
Solutionised  + Artificially peak aged,430.63,461.63,8.7,0.0,0.932,0.0,0.0,0.0,0.0,0.0,0.0014,0.0,0.0,0.0,0.0012,0.0,0.0,0.0104,0.0022,0.0,0.0,0.0,0.0009,0.0,0.0,0.0,0.0507,0.0012
Solutionised  + Artificially peak aged,335.0,380.0,12.0,0.0,0.931558935,0.0,0.0,0.0,0.0,0.0,0.002251351,0.0010006,0.0,0.0,0.002001201,0.0,0.0,0.0120072039999999,0.002751651,0.0,0.0,0.0,0.001751051,0.0,0.00025015,0.0,0.0450270159999999,0.001400841
Solutionised  + Artificially peak aged,232.5,378.0,9.5,0.0,0.931198399,0.0,0.0,0.0,0.0,0.0,0.000500375,0.0445334,0.0,0.0,0.005003753,0.0,0.0,0.000250188,0.008006005,0.0,0.0,0.0,0.00850638,0.0,0.000750563,0.0,0.001250938,0.0
Solutionised  + Artificially peak aged,378.0,479.0,7.8,0.0,0.92906,0.0,0.0,0.0,0.0,0.0,2e-05,0.0349,0.0,0.0,0.001,0.0,0.0,0.0215,0.0131,0.0,0.0,0.0,0.00042,0.0,0.0,0.0,0.0,0.0
Solutionised  + Artificially peak aged,363.0,449.5,5.405,0.0,0.927963982,0.0,0.0,0.0,0.0,0.0,0.00050025,0.043521761,0.0,0.0,0.002501251,0.0,0.0,0.015007504,0.0060030019999999,0.0,0.0,0.0,0.002501251,0.0,0.000750375,0.0,0.001250625,0.0
Solutionised  + Artificially peak aged,382.0,438.0,6.5,0.0,0.927927928,0.0,0.0,0.0,0.0,0.0,0.000500501,0.044544545,0.0,0.0,0.003503504,0.0,0.0,0.005005005,0.008008008,0.0,0.0,0.0,0.008508509,0.0,0.000750751,0.0,0.001251251,0.0
Solutionised  + Artificially peak aged,489.19,530.53,8.1,0.0,0.9251,0.0,0.0,0.0,0.0,0.0,0.0014,0.0,0.0,0.0,0.0014,0.0,0.0,0.0278,0.0023,0.0,0.0,0.0,0.0009,0.0,0.0,0.0,0.0401,0.001
Solutionised  + Artificially peak aged,180.2,192.3,2.0,0.0,0.9226,0.0001,0.0,0.0,0.0,0.0,0.0,0.0,0.0,0.0,0.0007,0.0,0.0,0.0041,0.0,0.0,0.0,0.0,0.0702,0.0,0.0014,0.0,0.0009,0.0
Solutionised  + Artificially peak aged,415.0,485.0,13.0,0.0,0.922,0.0,0.0,0.0,0.0,0.0,0.001,0.0445,0.0,0.0,0.0069999999999999,0.0,0.0,0.005,0.008,0.0,0.0,0.0,0.0085,0.0,0.0015,0.0,0.0025,0.0
Solutionised  + Artificially peak aged,200.6,205.0,1.1,0.0,0.9218,0.0001,0.0,0.0,0.0,0.0,0.0,0.0,0.0041,0.0,0.0008,0.0,0.0,0.0012,0.0,0.0,0.0,0.0,0.0711,0.0,0.0009,0.0,0.0,0.0
Solutionised  + Artificially peak aged,221.1,234.3,5.1,0.0,0.9165,0.0001,0.0,0.0,0.0,0.0,0.0,0.0,0.0022,0.0,0.0008,0.0,0.0,0.004,0.0,0.0,0.0,0.0,0.0738,0.0,0.0015,0.0,0.0011,0.0
Solutionised  + Artificially peak aged,468.843476,537.791046,14.0,0.0,0.914,0.0,0.0,0.0,0.0,0.0,0.002,0.006,0.0,0.0,0.0,0.0,0.0,0.033,0.002,0.0,0.0,0.0,0.0,0.0,0.0,0.0,0.043,0.0
Solutionised  + Artificially peak aged,165.0,250.0,2.0,0.0,0.908,0.0,0.0,0.0,0.0,0.0,0.0,0.0289999999999999,0.0,0.0,0.0013,0.0,0.0,0.003,0.0002,0.0001,0.0,0.0,0.0579999999999999,0.0,0.0002,0.0,0.0002,0.0
Solutionised  + Artificially peak aged,410.0,485.0,12.0,0.0,0.9055,0.0,0.0,0.0,0.0,0.0,0.0,0.012,0.0,0.0,0.0035,0.0,0.0,0.021,0.0012,0.0,0.0,0.0,0.0058,0.0,0.0,0.0,0.051,0.0
Solutionised  + Artificially peak aged,482.0,544.0,3.2,0.0,0.90524,0.0,0.0,0.0,0.0,0.0,0.0,0.018,0.0,0.0,0.0,0.0,0.0,0.0197,0.0,0.0,0.0,0.0,0.0,0.0,0.0,0.0,0.0556,0.00146
Solutionised  + Artificially peak aged,496.0,551.0,16.23,0.0,0.90444,0.0,0.0,0.0,0.0,0.0,0.0019,0.0154,0.0,0.0,7e-05,0.0,0.0,0.022,0.0,0.0,0.0,0.0,9e-05,0.0,0.0002,0.0,0.0559,0.0
Solutionised  + Artificially peak aged,397.0,486.0,8.8,0.0,0.9044,0.0,0.0,0.0,0.0,0.0,0.0,0.0141,0.0,0.0,0.0026,0.0,0.0,0.0221,0.0005,0.0,0.0,0.0,0.001,0.0,0.0,0.0,0.0553,0.0
Solutionised  + Artificially peak aged,505.0,570.0,11.0,0.0,0.9007,0.0,0.0,0.0,0.0,0.0,0.0023,0.016,0.0,0.0,0.0,0.0,0.0,0.025,0.0,0.0,0.0,0.0,0.0,0.0,0.0,0.0,0.0559999999999999,0.0
Solutionised  + Artificially peak aged,515.1,579.6,15.4,0.0,0.9006,0.0,0.0,0.0,0.0,0.0,0.0019,0.0153,0.0,0.0,0.0008,0.0,0.0,0.0224,0.0006,0.0,0.0,0.0,0.0002,0.0,0.0002,0.0,0.0579999999999999,0.0
Solutionised  + Artificially peak aged,503.317261,572.264831,11.0,0.0,0.9,0.0,0.0,0.0,0.0,0.0,0.003,0.016,0.0,0.0,0.0,0.0,0.0,0.025,0.0,0.0,0.0,0.0,0.0,0.0,0.0,0.0,0.0559999999999999,0.0
Solutionised  + Artificially peak aged,472.0,519.0,7.8,0.0,0.8987,0.0,0.0,0.0,0.0,0.0,0.0022,0.0149,0.0,0.0,0.0016,0.0,0.0,0.0254,0.001,0.0,0.0,0.0,0.0011,0.0,0.001,0.0,0.0541,0.0
Solutionised  + Artificially peak aged,475.0,524.0,3.3,0.0,0.8955,0.0,0.0,0.0,0.0,0.0,0.0002,0.0163,0.0,0.0,0.0022,0.0,0.0,0.023,0.0002,0.0,0.0,0.0,0.0012,0.0,0.0004,0.0,0.061,0.0
Solutionised  + Artificially peak aged,444.5,507.0,6.0,0.0,0.893625538,0.0,0.0,0.0,0.0,0.0,0.002301611,0.016011208,0.0,0.0,0.002501751,0.0,0.0,0.025017512,0.001501051,0.0,0.0,0.0,0.002001401,0.0,0.0010007,0.0,0.056039227,0.0
Solutionised  + Artificially peak aged,485.0,545.0,12.0,0.0,0.8922,0.0,0.0,0.0,0.0,0.0,0.0005,0.0175,0.0,0.0,0.0015,0.0,0.0,0.0235,0.001,0.0,0.0,0.0,0.0012,0.0,0.0006,0.0,0.062,0.0
Solutionised  + Artificially peak aged,535.0,610.0,15.6,0.0,0.8905,0.0,0.0,0.0,0.0,0.0,0.0,0.022,0.0,0.0,0.0,0.0,0.0,0.0235,0.0,0.0,0.0,0.0,0.0,0.0,0.0,0.0,0.064,0.0
Solutionised  + Artificially peak aged,500.0,570.0,11.0,0.0,0.8867,0.0,0.0,0.0,0.0,0.0,0.0023,0.016,0.0,0.0,0.005,0.0,0.0,0.025,0.003,0.0,0.0,0.0,0.004,0.0,0.002,0.0,0.0559999999999999,0.0
Solutionised  + Artificially peak aged,583.0,627.0,15.1,0.0,0.88441,0.0,0.0,0.0,0.0,0.0,0.0019,0.0156,0.0,0.0,9e-05,0.0,0.0,0.0281,0.0,0.0,0.0,0.0,0.0001,0.0,0.0002,0.0,0.0696,0.0
Solutionised  + Artificially peak aged,537.791046,606.738616,10.0,0.0,0.882,0.0,0.0,0.0,0.0,0.0,0.003,0.02,0.0,0.0,0.0,0.0,0.0,0.027,0.0,0.0,0.0,0.0,0.0,0.0,0.0,0.0,0.068,0.0
Solutionised  + Artificially peak aged,540.0,605.0,10.0,0.0,0.8817,0.0,0.0,0.0,0.0,0.0,0.0023,0.02,0.0,0.0,0.0,0.0,0.0,0.0279999999999999,0.0,0.0,0.0,0.0,0.0,0.0,0.0,0.0,0.068,0.0
Solutionised  + Artificially peak aged,532.0,592.0,11.0,0.0,0.8782,0.0,0.0,0.0,0.0,0.0,0.0015,0.016,0.0,0.0,0.0012,0.0,0.0,0.022,0.001,0.0,0.0,0.0,0.001,0.0,0.0006,0.0,0.0785,0.0
Solutionised  + Artificially peak aged,614.0,654.0,14.8,0.0,0.87811,0.0,0.0,0.0,0.0,0.0,0.0019,0.0148,0.0,0.0,9e-05,0.0,0.0,0.0274,0.0,0.0,0.0,0.0,0.0001,0.0,0.0002,0.0,0.0774,0.0
Solutionised  + Artificially peak aged,602.0,643.0,14.1,0.0,0.87622,0.0,0.0,0.0,0.0,0.0,0.0019,0.0155,0.0,0.0,0.0002,0.0,0.0,0.0276,0.0,0.0,0.0,0.0,8e-05,0.0,0.0001,0.0,0.0784,0.0
Solutionised  + Artificially peak aged,499.0,556.0,4.0,0.0,0.8762,0.0,0.0,0.0,0.0,0.0,0.0,0.0206,0.0,0.0,0.001,0.0,0.0,0.0399,0.001,0.0,0.0,0.0,0.0012,0.0,0.0,0.0,0.0601,0.0
Solutionised  + Artificially peak aged,627.422887,675.686186,9.0,0.0,0.872,0.0,0.0,0.0,0.0,0.0,0.003,0.021,0.0,0.0,0.0,0.0,0.0,0.03,0.0,0.0,0.0,0.0,0.0,0.0,0.0,0.0,0.074,0.0
Solutionised  + Artificially peak aged,521.0,590.0,11.0,0.0,0.8682,0.0,0.0,0.0,0.0,0.0,0.0023,0.02,0.0,0.0,0.005,0.0,0.0,0.0275,0.003,0.0,0.0,0.0,0.004,0.0,0.002,0.0,0.068,0.0
Solutionised  + Artificially peak aged,727.0,786.0,5.0,0.0,0.865,0.0,0.0,0.0,0.0,0.0,0.0,0.012,0.0,0.0,0.0,0.0,0.0,0.031,0.0,0.0,0.0,0.0,0.0,0.0,0.0,0.0,0.09,0.002
Solutionised  + Artificially peak aged,634.0,677.0,12.0,0.0,0.861,0.0,0.0,0.0,0.0,0.0,0.0,0.025,0.0,0.0,0.0005,0.0,0.0,0.026,0.0,0.0,0.0,0.0,0.0005,0.0,0.0,0.0,0.087,0.0
Solutionised  + Artificially peak aged,728.0,794.0,5.0,0.0,0.8574,0.0,0.0,0.0,0.0,0.0,0.0,0.012,0.0,0.0,0.0,0.0,0.0,0.027,0.0,0.0,0.0,0.0,0.0,0.0,0.0,0.0,0.102,0.0016
Solutionised  + Artificially peak aged,729.0,785.0,8.4,0.0,0.8571,0.0,0.0,0.0,0.0,0.0,0.0025,0.011,0.0,0.0,0.0,0.0,0.0,0.0279999999999999,0.0,0.0,0.0,0.0,0.0,0.0,0.0,0.0,0.1,0.0014
Solutionised  + Artificially peak aged,696.0,758.0,6.4,0.0,0.8555,0.0,0.0,0.0,0.0,0.0,0.0,0.012,0.0,0.0,0.0,0.0,0.0,0.0279999999999999,0.0,0.0,0.0,0.0,0.0,0.0,0.0,0.0,0.103,0.0015
Solutionised  + Artificially peak aged,738.0,793.0,8.7,0.0,0.8506,0.0,0.0,0.0,0.0,0.0,0.0,0.013,0.0,0.0,0.0,0.0,0.0,0.027,0.0,0.0,0.0,0.0049,0.0,0.0,0.0,0.0,0.103,0.0015
Solutionised  + Artificially peak aged,721.0,782.0,8.6,0.0,0.8502,0.0,0.0,0.0,0.0,0.0,0.0,0.013,0.0,0.0,0.0,0.0,0.0,0.0289999999999999,0.0,0.0,0.0,0.0043,0.0,0.0,0.0,0.0,0.102,0.0015
Solutionised  + Artificially peak aged,742.0,775.0,10.7,0.0,0.8491,0.0,0.0,0.0,0.0,0.0,0.0028,0.011,0.0,0.0,0.0,0.0,0.0,0.031,0.0,0.0,0.0,0.0045,0.0,0.0,0.0,0.0,0.1,0.0016
Solutionised  + Artificially peak aged,317.158822,379.211635,9.0,0.0,0.849,0.0,0.0,0.0,0.0,0.0,0.0,0.009,0.0,0.0,0.0,0.0,0.0,0.011,0.0,0.009,0.0,0.0,0.122,0.0,0.0,0.0,0.0,0.0
Solutionised  + Artificially peak aged,748.0,790.0,10.0,0.0,0.8396,0.0,0.0,0.0,0.0,0.0,0.0,0.012,0.0,0.0,0.0,0.0,0.0,0.035,0.0,0.0,0.0,0.0039,0.0,0.0,0.0,0.0,0.108,0.0015
Solutionised  + Artificially peak aged,790.0,820.0,5.8,0.0,0.8288,0.0,0.0,0.0,0.0,0.0,0.0,0.012,0.0,0.0,0.0,0.0,0.0,0.033,0.0,0.0,0.0,0.0049,0.0,0.0,0.0,0.0,0.12,0.0013
Solutionised  + Artificially peak aged,195.0,209.0,1.0,0.0,0.7995,0.0,0.0,0.0,0.0,0.0,0.0,0.0025,0.0,0.0,0.0025,0.0,0.0,0.0095,0.003,0.0,0.0,0.0,0.18,0.0,0.002,0.0,0.001,0.0
Solutionised  + Artificially peak aged,257.0,271.0,1.2,0.0,0.795,0.0,0.0,0.0,0.0,0.0,0.0,0.0025,0.0,0.0,0.006,0.0,0.0,0.0105,0.003,0.0,0.0,0.0,0.18,0.0,0.002,0.0,0.001,0.0
Solutionised  + Artificially peak aged,229.0,229.0,0.5,0.0,0.758,0.0,0.0,0.0,0.0,0.0,0.0,0.0025,0.0,0.0,0.0025,0.0,0.0,0.011,0.003,0.0,0.0,0.0,0.22,0.0,0.002,0.0,0.001,0.0
Solutionised  + Artificially peak aged,257.0,257.0,0.5,0.0,0.7545,0.0,0.0,0.0,0.0,0.0,0.0,0.0025,0.0,0.0,0.006,0.0,0.0,0.011,0.003,0.0,0.0,0.0,0.22,0.0,0.002,0.0,0.001,0.0
Solutionised  + Artificially peak aged,180.2,192.3,2.0,0.0,0.9235,0.0001,0.0,0.0,0.0,0.0,0.0,0.0,0.0,0.0,0.0007,0.0,0.0,0.0041,0.0,0.0,0.0,0.0,0.0702,0.0,0.0014,0.0,0.0,0.0
Solutionised  + Artificially peak aged,200.6,205.0,1.1,0.0,0.9186,0.0001,0.0,0.0,0.0,0.0,0.0,0.0,0.0041,0.0,0.0008,0.0,0.0,0.0032,0.0,0.0,0.0,0.0,0.0721,0.0,0.0011,0.0,0.0,0.0
Solutionised  + Artificially peak aged,221.1,234.3,5.1,0.0,0.9181,0.0001,0.0,0.0,0.0,0.0,0.0,0.0,0.0022,0.0,0.0008,0.0,0.0,0.0036,0.0,0.0,0.0,0.0,0.0738,0.0,0.0014,0.0,0.0,0.0
Solutionised  + Artificially peak aged,213.2,247.9,1.3,0.0,0.9226,0.0001,0.0,0.0,0.0,0.0,0.0,0.0,0.0,0.0,0.0007,0.0,0.0,0.0041,0.0,0.0,0.0,0.0,0.0711,0.0,0.0014,0.0,0.0,0.0
Solutionised  + Artificially peak aged,218.6,224.2,1.1,0.0,0.9207,0.0001,0.0,0.0,0.0,0.0,0.0,0.0,0.0041,0.0,0.0008,0.0,0.0,0.0032,0.0,0.0,0.0,0.0,0.07,0.0,0.0011,0.0,0.0,0.0
Solutionised  + Artificially peak aged,255.5,280.9,4.5,0.0,0.9165,0.0001,0.0,0.0,0.0,0.0,0.0,0.0,0.0022,0.0,0.0008,0.0,0.0,0.0036,0.0,0.0,0.0,0.0,0.0754,0.0,0.0014,0.0,0.0,0.0
Solutionised  + Artificially peak aged,372.316878,434.369691,10.0,0.0,0.942,0.0,0.0,0.0,0.0,0.0,0.0,0.023,0.0,0.0,0.01,0.0,0.0,0.015,0.0,0.01,0.0,0.0,0.0,0.0,0.0,0.0,0.0,0.0
Solutionised  + Artificially peak aged,315.0,420.0,21.0,0.0,0.933,0.0,0.0,0.0,0.0,0.0,0.0,0.04,0.0,0.0,0.0,0.0,0.0,0.0069999999999999,0.0,0.02,0.0,0.0,0.0,0.0,0.0,0.0,0.0,0.0
Solutionised  + Artificially peak aged,344.73785,413.68542,13.0,0.0,0.9275,0.0,0.0,0.0,0.0,0.0,0.002,0.0,0.0,0.0,0.0,0.0,0.0,0.0279999999999999,0.0025,0.0,0.0,0.0,0.0,0.0,0.0,0.0,0.04,0.0
Solutionised  + Artificially peak aged,490.0,565.0,11.0,0.0,0.9028,0.0,0.0,0.0,0.0,0.0,0.0022,0.016,0.0,0.0,0.0,0.0,0.0,0.022,0.0,0.0,0.0,0.0,0.0,0.0,0.0,0.0,0.057,0.0
Solutionised  + Artificially peak aged,434.5,501.0,9.75,0.0,0.901085706,0.0,0.0,0.0,0.0,0.0,0.0021513979999999,0.015510082,0.0,0.0,0.00060039,0.0,0.0,0.022514635,0.000300195,0.0,0.0,0.0,0.000500325,0.0,0.000300195,0.0,0.057037074,0.0
Solutionised  + Artificially peak aged,468.843476,510.212018,14.0,0.0,0.898,0.0,0.0,0.0,0.0,0.0,0.0,0.006,0.0,0.0,0.0,0.0,0.0,0.016,0.005,0.0,0.0,0.0,0.0,0.0,0.0,0.0,0.075,0.0
Solutionised  + Artificially peak aged,551.5,609.5,9.75,0.0,0.886886887,0.0,0.0,0.0,0.0,0.0,0.0002002,0.022022022,0.0,0.0,0.000750751,0.0,0.0,0.023523524,0.000500501,0.0,0.0,0.0,0.000600601,0.0,0.0003003,0.0,0.064064064,0.001151151
Solutionised  + Artificially peak aged,290.5,325.0,12.0,0.0,0.977782226,0.0,0.0,0.0,0.0,0.0,0.0005003999999999,0.00060048,0.0,0.0,0.001251001,0.0,0.0,0.005754604,0.00060048,0.0,0.0,0.0,0.0115092069999999,0.0,0.0007506,0.0,0.001251001,0.0
Solutionised  + Artificially peak aged,240.0,300.0,13.0,0.0,0.974731048,0.0,0.0,0.0,0.0,0.0,0.000500375,0.009006755,0.0,0.0,0.002001501,0.0,0.0,0.003752815,0.001501126,0.0,0.0,0.0,0.006504879,0.0,0.000500375,0.000250188,0.001250938,0.0
Solutionised  + Artificially peak aged,200.0,270.5,15.0,0.0,0.973229922,0.0,0.0,0.0,0.0,0.0,0.000750563,0.010007506,0.0,0.0,0.002501876,0.0,0.0,0.007005254,0.002501876,0.0,0.0,0.0,0.002501876,0.0,0.0,0.0,0.001501126,0.0
Solutionised  + Artificially peak aged,320.0,360.0,11.0,0.0,0.97047047,0.0,0.0,0.0,0.0,0.0,0.000500501,0.0070070069999999,0.0,0.0,0.002002002,0.0,0.0,0.007507508,0.0027527529999999,0.0,0.0,0.0,0.008508509,0.0,0.000500501,0.0,0.000750751,0.0
Solutionised  + Artificially peak aged,366.0,389.0,6.78,0.0,0.96024006,0.0,0.0,0.0,0.0,0.0,0.001250313,0.009002251,0.0,0.0,0.00100025,0.0,0.0,0.009002251,0.005501375,0.0,0.0,0.0,0.010002501,0.0,0.0,0.0,0.004001,0.0
Solutionised  + Artificially peak aged,290.0,415.0,10.0,0.0,0.9334,0.0,0.0,0.0,0.0,0.0,0.0,0.063,0.0,0.0,0.0,0.0,0.0,0.0,0.003,0.0,0.0,0.0,0.0,0.0,0.0006,0.0,0.0,0.0
Solutionised  + Artificially peak aged,289.579794,413.68542,10.0,0.0,0.9315,0.0,0.0,0.0,0.0,0.0,0.0,0.063,0.0,0.0,0.0,0.0,0.0,0.0,0.003,0.0,0.0,0.0,0.0,0.0,0.0,0.001,0.0,0.0015
Solutionised  + Artificially peak aged,261.0,391.5,7.0,0.0,0.927473848,0.0,0.0,0.0,0.0,0.0,0.0,0.06306622,0.0,0.0,0.001501577,0.0,0.0,0.000100105,0.0030031529999999,0.0,0.0,0.0,0.001001051,0.0,0.000600631,0.001001051,0.0005005259999999,0.001751839
Solutionised  + Artificially peak aged,395.0,456.0,11.0,0.0,0.924,0.0,0.0,0.0,0.0,0.0,0.0019,0.0,0.0,0.0,0.0,0.0,0.0,0.0287,0.0024,0.0,0.0,0.0,0.0,0.0,0.0,0.0,0.043,0.0
Solutionised  + Artificially peak aged,517.0,547.0,5.3,0.0,0.9343,0.0,0.0,0.0,0.002,0.0,0.0,0.0446,0.0,0.0,0.002,0.0,0.0108,0.0,0.0052,0.0,0.0,0.0,0.0009,0.0,0.0002,0.0,0.0,0.0
Solutionised  + Artificially peak aged,470.0,540.0,14.0,0.0,0.9085,0.0,0.0,0.0,0.0,0.0,0.0015,0.006,0.0,0.0,0.004,0.0,0.0,0.032,0.002,0.0,0.0,0.0,0.003,0.0,0.0,0.0,0.043,0.0
Solutionised  + Artificially peak aged,489.5,562.0,5.5,0.0,0.89785296,0.0,0.0,0.0,0.0,0.0,0.002302187,0.016015214,0.0,0.0,0.001000951,0.0,0.0,0.025023773,0.000500475,0.0,0.0,0.0,0.000750713,0.0,0.000500475,0.0,0.056053251,0.0
Solutionised + Artificially over aged,180.0,308.0,7.0,0.0,0.9705,0.0,0.0,0.0,0.0,0.001,0.0,0.0,0.0,0.0,0.0,0.0,0.0285,0.0,0.0,0.0,0.0,0.0,0.0,0.0,0.0,0.0,0.0,0.0
Solutionised + Artificially over aged,189.0,336.0,9.0,0.0,0.9675,0.0,0.0,0.0,0.0,0.004,0.0,0.0,0.0,0.0,0.0,0.0,0.0285,0.0,0.0,0.0,0.0,0.0,0.0,0.0,0.0,0.0,0.0,0.0
Solutionised + Artificially over aged,205.0,348.0,10.0,0.0,0.9635,0.0,0.0,0.0,0.0,0.008,0.0,0.0,0.0,0.0,0.0,0.0,0.0285,0.0,0.0,0.0,0.0,0.0,0.0,0.0,0.0,0.0,0.0,0.0
Solutionised + Artificially over aged,280.0,480.0,25.5,0.0037,0.9344,0.0,0.0,0.0,0.0,0.0,0.0,0.045,0.0,0.0,0.0003,0.0,0.0116,0.0036,0.0,0.0,0.0,0.0,0.0001,0.0,0.0,0.0,0.0,0.0013
Solutionised + Artificially over aged,474.21,540.98,7.83,0.0,0.9323,0.0,0.0,0.0,0.0,0.0,0.0001,0.0399,0.0,0.0,0.0012,0.0,0.0234,0.0002,0.0001,0.0001,0.0,0.0,0.0,0.0,0.0001,0.0,0.0005,0.0021
Solutionised + Artificially over aged,420.29,451.3,8.8,0.0,0.932,0.0,0.0,0.0,0.0,0.0,0.0014,0.0,0.0,0.0,0.0012,0.0,0.0,0.0104,0.0022,0.0,0.0,0.0,0.0009,0.0,0.0,0.0,0.0507,0.0012
Solutionised + Artificially over aged,482.3,523.64,7.8,0.0,0.9251,0.0,0.0,0.0,0.0,0.0,0.0014,0.0,0.0,0.0,0.0014,0.0,0.0,0.0278,0.0023,0.0,0.0,0.0,0.0009,0.0,0.0,0.0,0.0401,0.001
Solutionised + Artificially over aged,610.0,649.0,9.0,0.0,0.861,0.0,0.0,0.0,0.0,0.0,0.0,0.025,0.0,0.0,0.0005,0.0,0.0,0.026,0.0,0.0,0.0,0.0,0.0005,0.0,0.0,0.0,0.087,0.0
Solutionised + Artificially over aged,195.0,209.0,1.0,0.0,0.7995,0.0,0.0,0.0,0.0,0.0,0.0,0.0025,0.0,0.0,0.0025,0.0,0.0,0.0095,0.003,0.0,0.0,0.0,0.18,0.0,0.002,0.0,0.001,0.0
Solutionised + Artificially over aged,222.0,236.0,1.0,0.0,0.795,0.0,0.0,0.0,0.0,0.0,0.0,0.0025,0.0,0.0,0.006,0.0,0.0,0.0105,0.003,0.0,0.0,0.0,0.18,0.0,0.002,0.0,0.001,0.0
Solutionised + Artificially over aged,181.0,181.0,0.5,0.0,0.758,0.0,0.0,0.0,0.0,0.0,0.0,0.0025,0.0,0.0,0.0025,0.0,0.0,0.011,0.003,0.0,0.0,0.0,0.22,0.0,0.002,0.0,0.001,0.0
Solutionised + Artificially over aged,222.0,222.0,0.5,0.0,0.7545,0.0,0.0,0.0,0.0,0.0,0.0,0.0025,0.0,0.0,0.006,0.0,0.0,0.011,0.003,0.0,0.0,0.0,0.22,0.0,0.002,0.0,0.001,0.0
Solutionised + Artificially over aged,324.0,420.5,5.405,0.0,0.927963982,0.0,0.0,0.0,0.0,0.0,0.00050025,0.043521761,0.0,0.0,0.002501251,0.0,0.0,0.015007504,0.0060030019999999,0.0,0.0,0.0,0.002501251,0.0,0.000750375,0.0,0.001250625,0.0
Solutionised + Artificially over aged,255.106009,330.948336,11.0,0.0,0.925,0.0,0.0,0.0,0.0,0.0,0.0,0.04,0.0,0.0,0.0,0.0,0.0,0.015,0.0,0.02,0.0,0.0,0.0,0.0,0.0,0.0,0.0,0.0
Solutionised + Artificially over aged,448.0,492.0,3.6,0.0,0.90524,0.0,0.0,0.0,0.0,0.0,0.0,0.018,0.0,0.0,0.0,0.0,0.0,0.0197,0.0,0.0,0.0,0.0,0.0,0.0,0.0,0.0,0.0556,0.00146
Solutionised + Artificially over aged,450.2,517.3,12.3,0.0,0.9006,0.0,0.0,0.0,0.0,0.0,0.0019,0.0153,0.0,0.0,0.0008,0.0,0.0,0.0224,0.0006,0.0,0.0,0.0,0.0002,0.0,0.0002,0.0,0.0579999999999999,0.0
Solutionised + Artificially over aged,434.369691,503.317261,13.0,0.0,0.9,0.0,0.0,0.0,0.0,0.0,0.003,0.016,0.0,0.0,0.0,0.0,0.0,0.025,0.0,0.0,0.0,0.0,0.0,0.0,0.0,0.0,0.0559999999999999,0.0
Solutionised + Artificially over aged,375.5,448.0,5.0,0.0,0.893625538,0.0,0.0,0.0,0.0,0.0,0.002301611,0.016011208,0.0,0.0,0.002501751,0.0,0.0,0.025017512,0.001501051,0.0,0.0,0.0,0.002001401,0.0,0.0010007,0.0,0.056039227,0.0
Solutionised + Artificially over aged,505.0,550.0,10.6,0.0,0.8905,0.0,0.0,0.0,0.0,0.0,0.0,0.022,0.0,0.0,0.0,0.0,0.0,0.0235,0.0,0.0,0.0,0.0,0.0,0.0,0.0,0.0,0.064,0.0
Solutionised + Artificially over aged,410.0,482.5,5.5,0.0,0.878070745999999,0.0,0.0,0.0,0.0,0.0,0.001601041,0.015510082,0.0,0.0,0.00100065,0.0,0.0,0.024515935,0.00100065,0.0,0.0,0.0,0.000750488,0.0,0.000500325,0.0,0.0770500829999999,0.0
Solutionised + Artificially over aged,410.0,482.5,5.5,0.0,0.87678911,0.0,0.0,0.0,0.0,0.0,0.001601441,0.015513963,0.0,0.0,0.001751576,0.0,0.0,0.02452207,0.001000901,0.0,0.0,0.0,0.001251126,0.0,0.00050045,0.0,0.077069362,0.0
Solutionised + Artificially over aged,386.0,468.5,6.5,0.0,0.901085706,0.0,0.0,0.0,0.0,0.0,0.0021513979999999,0.015510082,0.0,0.0,0.00060039,0.0,0.0,0.022514635,0.000300195,0.0,0.0,0.0,0.000500325,0.0,0.000300195,0.0,0.057037074,0.0
Solutionised + Artificially over aged,476.0,545.0,12.0,0.0,0.89945,0.0,0.0,0.0,0.0,0.0,0.00215,0.0155,0.0,0.0,0.0012,0.0,0.0,0.0225,0.0006,0.0,0.0,0.0,0.001,0.0,0.0006,0.0,0.057,0.0
Solutionised + Artificially over aged,490.0,552.0,11.0,0.0,0.8888,0.0,0.0,0.0,0.0,0.0,0.0,0.023,0.0,0.0,0.0015,0.0,0.0,0.0225,0.0,0.0,0.0,0.0,0.0012,0.0,0.0,0.0,0.062,0.001
Solutionised + Artificially over aged,383.0,457.0,6.0,0.0,0.89785296,0.0,0.0,0.0,0.0,0.0,0.002302187,0.016015214,0.0,0.0,0.001000951,0.0,0.0,0.025023773,0.000500475,0.0,0.0,0.0,0.000750713,0.0,0.000500475,0.0,0.056053251,0.0
Solutionised + Artificially over aged,386.5,455.0,8.65,0.0,0.888888889,0.0,0.0,0.0,0.0,0.0,0.0002002,0.0230230229999999,0.0,0.0,0.000750751,0.0,0.0,0.022522523,0.000500501,0.0,0.0,0.0,0.000600601,0.0,0.0003003,0.0,0.062062062,0.001151151
Solutionised + Artificially over aged,455.0,525.0,12.0,0.0,0.8909,0.0,0.0,0.0,0.0,0.0,0.0005,0.0175,0.0,0.0,0.0015,0.0,0.0,0.0235,0.001,0.0,0.0,0.0,0.0012,0.0,0.0006,0.0,0.062,0.0013
Solutionised + Artificially over aged,402.5,476.0,6.5,0.0,0.895716573,0.0,0.0,0.0,0.0,0.0,0.00020016,0.019015212,0.0,0.0,0.00065052,0.0,0.0,0.020516413,0.00020016,0.0,0.0,0.0,0.0005003999999999,0.0,0.00030024,0.0,0.06204964,0.000850681
Solutionised + Artificially over aged,393.0,465.0,5.5,0.0,0.892991145,0.0,0.0,0.0,0.0,0.0,0.000250138,0.01750963,0.0,0.0,0.000750413,0.0,0.0,0.023512932,0.000500275,0.000250138,0.0,0.0,0.00060033,0.0,0.000300165,0.0,0.062034119,0.001300715
Solutionised + Artificially over aged,417.0,489.5,8.5,0.0,0.880028017,0.0,0.0,0.0,0.0,0.0,0.001500901,0.016009606,0.0,0.0,0.00060036,0.0,0.0,0.022013208,0.0005003,0.0,0.0,0.0,0.0005003,0.0,0.00030018,0.0,0.078547128,0.0
Solutionised + Artificially over aged,496.422504,579.159588,12.0,0.0,0.872,0.0,0.0,0.0,0.0,0.0,0.003,0.021,0.0,0.0,0.0,0.0,0.0,0.03,0.0,0.0,0.0,0.0,0.0,0.0,0.0,0.0,0.074,0.0
Solutionised + Artificially over aged,468.0,519.0,8.0,0.0,0.88955,0.0,0.0,0.0,0.0,0.0,0.0004,0.0165,0.0,0.0,0.0008,0.0,0.0,0.015,0.0004,0.0,0.0,0.0,0.0006,0.0,0.0006,0.0,0.075,0.00115
Solutionised + Artificially over aged,541.5,606.5,9.115,0.0,0.87656977,0.0,0.0,0.0,0.0,0.0,0.0,0.017511382,0.0,0.0,0.000750488,0.0,0.0,0.022514635,0.00100065,0.0,0.0,0.0,0.00060039,0.0,0.0,0.0,0.081052684,0.0
Solutionised + Artificially over aged,500.0,559.0,4.5,0.0,0.886886887,0.0,0.0,0.0,0.0,0.0,0.0002002,0.022022022,0.0,0.0,0.000750751,0.0,0.0,0.023523524,0.000500501,0.0,0.0,0.0,0.000600601,0.0,0.0003003,0.0,0.064064064,0.001151151
Solutionised + Artificially over aged,538.0,579.0,8.0,0.0,0.88465,0.0,0.0,0.0,0.0,0.0,0.0004,0.022,0.0,0.0,0.0015,0.0,0.0,0.0235,0.001,0.0,0.0,0.0,0.0012,0.0,0.0006,0.0,0.064,0.00115
Solutionised + Artificially over aged,583.5,607.0,9.0,0.0,0.872741830999999,0.0,0.0,0.0,0.0,0.0,0.00020017,0.023019567,0.0,0.0,0.000750638,0.0,0.0,0.02051744,0.000250213,0.0,0.0,0.0,0.000500425,0.0,0.000300255,0.0,0.080068058,0.001651404
Solutionised + Artificially over aged,593.0,614.0,7.0,0.0,0.87085,0.0,0.0,0.0,0.0,0.0,0.0004,0.023,0.0,0.0,0.0015,0.0,0.0,0.0205,0.0005,0.0,0.0,0.0,0.001,0.0,0.0006,0.0,0.08,0.00165
Solutionised + Artificially over aged,240.5,261.0,9.15,0.0,0.984992496,0.0,0.0,0.0,0.0,0.0,0.00050025,0.00050025,0.0,0.0,0.001750875,0.0,0.0,0.006753377,0.00050025,0.0,0.0,0.0,0.004002001,0.0,0.00050025,0.0,0.00050025,0.0
Solutionised + Artificially over aged,301.0,387.0,6.0,0.0,0.9699,0.0,0.0,0.0,0.0,0.0,0.0,0.0,0.0,0.0,0.0007,0.0,0.0276,0.0,0.0,0.0,0.0,0.0,0.0004,0.0,0.0,0.0,0.0,0.0014
Solutionised + Artificially over aged,482.0,534.0,6.0,0.0,0.9508,0.0,0.0,0.0,0.0,0.0,0.0,0.013,0.0,0.0,0.002,0.0,0.025,0.0069999999999999,0.0,0.0,0.0,0.0,0.001,0.0,0.0,0.0,0.0,0.0012
Solutionised + Artificially over aged,490.0,550.0,8.0,0.0,0.9462,0.0,0.0,0.0,0.0,0.0,0.0,0.0289999999999999,0.0,0.0,0.0,0.0,0.022,0.0015,0.0,0.0,0.0,0.0,0.0,0.0,0.0,0.0,0.0,0.0013
Solutionised + Artificially over aged,345.0,400.0,10.0,0.0,0.945699,0.0,1e-06,0.0,0.0,0.0,0.0,0.0245,0.0,0.0,0.0007,0.0,0.016,0.00225,0.003,0.0,0.0,0.0,0.0005,0.0,0.001,0.0,0.0055,0.00085
Solutionised + Artificially over aged,386.0,545.0,7.4,0.0,0.945,0.0,0.0,0.0,0.0,0.0,0.0,0.04,0.0,0.0,0.0,0.0,0.0,0.015,0.0,0.0,0.0,0.0,0.0,0.0,0.0,0.0,0.0,0.0
Solutionised + Artificially over aged,345.0,400.0,10.0,0.0,0.944849,0.0,1e-06,0.0,0.0,0.0,0.0,0.0245,0.0,0.0,0.0007,0.0,0.016,0.00225,0.003,0.0,0.0,0.0,0.0005,0.0,0.001,0.0,0.0055,0.0017
Solutionised + Artificially over aged,637.0,581.0,6.0,0.0,0.9428,0.0,0.0,0.0,0.0,0.0,0.0,0.019,0.0,0.0,0.001,0.0,0.026,0.009,0.0,0.0,0.0,0.0,0.001,0.0,0.0,0.0,0.0,0.0012
Solutionised + Artificially over aged,310.264065,406.790663,12.0,0.0,0.935,0.0,0.0,0.005,0.0,0.0,0.0,0.055,0.0,0.0,0.0,0.0,0.0,0.0,0.0,0.0,0.005,0.0,0.0,0.0,0.0,0.0,0.0,0.0
Solutionised + Artificially over aged,448.159205,482.63299,6.0,0.0,0.934,0.0,0.0,0.0,0.0,0.0,0.0,0.045,0.0,0.0,0.0,0.0,0.0,0.015,0.006,0.0,0.0,0.0,0.0,0.0,0.0,0.0,0.0,0.0
Solutionised + Artificially over aged,425.0,481.0,8.0,0.0,0.934,0.0,0.0,0.0,0.0,0.0,0.0,0.0215,0.0,0.0,0.003,0.0,0.02,0.015,0.0,0.0,0.0,0.0,0.002,0.0,0.001,0.0,0.0025,0.001
Solutionised + Artificially over aged,630.0,646.0,10.0,0.004,0.9236,0.0,0.0,0.0,0.0,0.0,0.0,0.054,0.0,0.0,0.0,0.0,0.013,0.004,0.0,0.0,0.0,0.0,0.0,0.0,0.0,0.0,0.0,0.0014
Solutionised + Artificially over aged,358.527364,379.211635,15.0,0.0,0.9795,0.0,0.0,0.0,0.0,0.0,0.002,0.0025,0.0,0.0,0.0,0.0,0.0,0.01,0.0,0.0,0.0,0.0,0.006,0.0,0.0,0.0,0.0,0.0
Solutionised + Artificially over aged,552.0,589.0,11.0,0.0,0.949,0.0,0.0,0.0,0.0,0.0,0.0,0.0286,0.0,0.0,0.0002,0.0,0.0205,0.0001,0.0,0.0,0.0,0.0,0.0001,0.0,0.0002,0.0,0.0001,0.0012
Solutionised + Artificially over aged,350.0,455.0,10.0,0.0,0.9334,0.0,0.0,0.0,0.0,0.0,0.0,0.063,0.0,0.0,0.0,0.0,0.0,0.0,0.003,0.0,0.0,0.0,0.0,0.0,0.0006,0.0,0.0,0.0
Solutionised + Artificially over aged,351.632607,455.053962,10.0,0.0,0.9315,0.0,0.0,0.0,0.0,0.0,0.0,0.063,0.0,0.0,0.0,0.0,0.0,0.0,0.003,0.0,0.0,0.0,0.0,0.0,0.0,0.001,0.0,0.0015
Solutionised + Artificially over aged,333.5,443.0,7.0,0.0,0.927473848,0.0,0.0,0.0,0.0,0.0,0.0,0.06306622,0.0,0.0,0.001501577,0.0,0.0,0.000100105,0.0030031529999999,0.0,0.0,0.0,0.001001051,0.0,0.000600631,0.001001051,0.0005005259999999,0.001751839
Solutionised + Artificially over aged,476.0,503.0,6.0,0.00425,0.9332,0.0,0.0,0.0,0.0,0.0,0.0,0.035,0.0,0.0,0.0015,0.0,0.0105,0.00525,0.0035,0.0,0.0,0.0,0.0012,0.0,0.001,0.0,0.0035,0.0011
Solutionised + Artificially over aged,240.0,255.0,9.0,0.0,0.989,0.0,0.0,0.0,0.0,0.0,0.0,0.0,0.0,0.0,0.0,0.0,0.0,0.0069999999999999,0.0,0.0,0.0,0.0,0.004,0.0,0.0,0.0,0.0,0.0
Solutionised + Artificially over aged,434.5,486.0,4.0,0.0,0.945208907,0.0,0.0,0.0,0.0,0.0,0.000250188,0.027020265,0.0,0.0,0.00060045,0.0,0.022516888,0.001250938,0.000250188,0.0,0.0,0.0,0.000500375,0.0,0.000750563,0.0,0.000500375,0.001150863
Solutionised + Artificially over aged,483.0,531.0,3.0,0.0,0.94115,0.0,0.0,0.0,0.0,0.0,0.0005,0.027,0.0,0.0,0.0012,0.0,0.0225,0.0025,0.0005,0.0,0.0,0.0,0.001,0.0,0.0015,0.0,0.001,0.00115
Solutionised + Artificially over aged,520.0,543.0,7.6,0.0,0.935949,0.0,1e-06,0.0,0.0,0.0,0.003,0.027,0.0,0.0,0.0007,0.0,0.018,0.003,0.003,0.0,0.0,0.0,0.0005,0.0,0.001,0.0,0.0069999999999999,0.00085
Solutionised + Artificially over aged,520.0,543.0,7.6,0.0,0.930599,0.0,1e-06,0.0,0.0,0.0,0.003,0.027,0.0,0.0,0.0007,0.0,0.018,0.0075,0.003,0.0,0.0,0.0,0.0005,0.0,0.001,0.0,0.0069999999999999,0.0017
Solutionised + Artificially over aged,442.5,505.0,6.0,0.0,0.946710033,0.0,0.0,0.0,0.0,0.0,0.000500375,0.013009757,0.0,0.0,0.001501126,0.0,0.0245183889999999,0.00950713,0.000500375,0.0,0.0,0.0,0.001000751,0.0,0.000500375,0.0,0.001250938,0.001000751
Solutionised + Artificially over aged,455.0,500.0,12.0,0.0,0.9415,0.0,0.0,0.0,0.0,0.0,0.001,0.013,0.0,0.0,0.003,0.0,0.0245,0.0095,0.001,0.0,0.0,0.0,0.002,0.0,0.001,0.0,0.0025,0.001
Solutionised + Artificially over aged,386.5,434.5,3.75,0.0,0.93043043,0.0,0.0,0.0,0.0,0.0,0.000500501,0.043543544,0.0,0.0,0.001501502,0.0,0.0,0.015015015,0.0060060059999999,0.0,0.0,0.0,0.001001001,0.0,0.000750751,0.0,0.001251251,0.0
Solutionised + Artificially over aged,389.0,429.5,3.25,0.0,0.950713035,0.0,0.0,0.0,0.0,0.0,0.0,0.028021016,0.0,0.0,0.000500375,0.0,0.014010508,0.001250938,0.003002252,0.0,0.0,0.0,0.000500375,0.0,0.00060045,0.0,0.000250188,0.001150863
Solutionised + Artificially over aged,400.0,449.5,7.5,0.0,0.929604243,0.0,0.0,0.0,0.0,0.0,0.0,0.05853805,0.0,0.0,0.001500976,0.0,0.0,0.002251463,0.0030019509999999,0.0,0.0,0.0,0.001250813,0.0,0.00060039,0.00100065,0.000500325,0.001751138
Solutionised + Artificially over aged,390.0,470.0,15.0,0.0,0.9296,0.0,0.0,0.0,0.0,0.0,0.0,0.0633,0.0,0.0,0.0013,0.0,0.0,0.0,0.0034,0.0,0.0,0.0,0.0006,0.0,0.0004,0.0,0.0002,0.0012
Solutionised + Artificially over aged,379.211635,399.895906,10.0,0.0,0.9706,0.0,0.0,0.005,0.0,0.0,0.0009,0.0025,0.0,0.0,0.0,0.0,0.0,0.01,0.0,0.0,0.005,0.0,0.006,0.0,0.0,0.0,0.0,0.0
Solutionised + Artificially over aged,336.0,366.0,4.88,0.0,0.963169977,0.0,0.0,0.00548957,0.0,0.0,0.000898293,0.002744785,0.0,0.0,0.0034933629999999,0.0,0.0,0.009981036,0.000748578,0.0,0.00548957,0.0,0.005988622,0.0,0.000748578,0.0,0.00124763,0.0
