,,Property,,,Chemical compositions,,,,,,,,,,,,,,,Processing actions,,,,,,,,
Number,Temperature(K),YS(Mpa),UTS(Mpa),El(%),Al(at%),Co(at%),Cr(at%),Fe(at%),Ni(at%),Ti(at%),Ta(at%),V(at%),Mn(at%),Cu(at%),Mo(at%),C(at%),V(at%),W(at%),Nb(at%),Hom_Temp(K),CR(%),recrystalize temperature/K,recrystalize time/mins,Anneal_Temp(K),Anneal_Time(h),aging temperature/K,aging time/hours,
1,77,1063.0,1635.0,39.4,3.6,27.3,18.2,18.2,27.3,5.4,0.0,0.0,0.0,0.0,0.0,0.0,0.0,0.0,0.0,1423.0,0,,,1273.0,1.0,,0,
2,273,1108.0,1140.0,24.5,0.0,33.4,33.48,0.0,33.12,0.0,0.0,0.0,0.0,0.0,0.0,0.0,0.0,0.0,0.0,,0,,,873.0,1.0,,0,
3,153,1258.0,1324.0,28.2,0.0,33.4,33.48,0.0,33.12,0.0,0.0,0.0,0.0,0.0,0.0,0.0,0.0,0.0,0.0,,0,,,873.0,1.0,,0,
4,113,1280.0,1698.0,32.4,3.0,31.33,31.33,0.0,31.33,3.0,0.0,0.0,0.0,0.0,0.0,0.0,0.0,0.0,0.0,1473.0,0,,,,,,0,
5,143,1231.0,1627.0,34.1,3.0,31.33,31.33,0.0,31.33,3.0,0.0,0.0,0.0,0.0,0.0,0.0,0.0,0.0,0.0,1473.0,0,,,,,,0,
6,173,1176.0,1544.0,32.9,3.0,31.33,31.33,0.0,31.33,3.0,0.0,0.0,0.0,0.0,0.0,0.0,0.0,0.0,0.0,1473.0,0,,,,,,0,
7,203,1170.0,1507.0,31.6,3.0,31.33,31.33,0.0,31.33,3.0,0.0,0.0,0.0,0.0,0.0,0.0,0.0,0.0,0.0,1473.0,0,,,,,,0,
8,233,1132.0,1473.0,29.9,3.0,31.33,31.33,0.0,31.33,3.0,0.0,0.0,0.0,0.0,0.0,0.0,0.0,0.0,0.0,1473.0,0,,,,,,0,
9,263,1106.0,1343.0,31.2,3.0,31.33,31.33,0.0,31.33,3.0,0.0,0.0,0.0,0.0,0.0,0.0,0.0,0.0,0.0,1473.0,0,,,,,,0,
10,293,1048.0,1300.0,32.0,3.0,31.33,31.33,0.0,31.33,3.0,0.0,0.0,0.0,0.0,0.0,0.0,0.0,0.0,0.0,1473.0,0,,,,,,0,
11,298,393.2,735.61,44.08,0.0,10.0,15.0,40.0,25.0,0.0,0.0,10.0,0.0,0.0,0.0,0.0,10.0,0.0,0.0,1373.0,0,,,1173.0,10.0,,0,
12,77,612.64,1073.97,59.9,0.0,10.0,15.0,40.0,25.0,0.0,0.0,10.0,0.0,0.0,0.0,0.0,10.0,0.0,0.0,1373.0,0,,,1173.0,10.0,,0,
13,298,300.0,650.0,77.0,0.0,17.5,12.7,54.9,9.9,0.0,0.0,0.0,0.0,0.0,5.0,0.0,0.0,0.0,0.0,1423.0,0,,,1273.0,1.0,,0,
14,77,625.0,1200.0,81.0,0.0,17.5,12.7,54.9,9.9,0.0,0.0,0.0,0.0,0.0,5.0,0.0,0.0,0.0,0.0,1423.0,0,,,1273.0,1.0,,0,
15,77,1001.0,1466.0,46.0,0.0,19.8,19.8,19.8,19.8,0.0,0.0,0.0,19.8,0.0,0.0,1.0,0.0,0.0,0.0,,0,,,1073.0,30.0,,0,
16,293,800.0,1000.0,31.0,0.0,19.8,19.8,19.8,19.8,0.0,0.0,0.0,19.8,0.0,0.0,1.0,0.0,0.0,0.0,,0,,,1073.0,30.0,,0,
17,623,670.0,810.0,25.0,0.0,19.8,19.8,19.8,19.8,0.0,0.0,0.0,19.8,0.0,0.0,1.0,0.0,0.0,0.0,,0,,,1073.0,30.0,,0,
18,823,465.0,554.0,49.6,0.0,19.8,19.8,19.8,19.8,0.0,0.0,0.0,19.8,0.0,0.0,1.0,0.0,0.0,0.0,,0,,,1073.0,30.0,,0,
19,293,881.8,1341.3,49.05,0.0,33.3,0.0,0.0,33.3,0.0,0.0,33.3,0.0,0.0,0.0,0.0,33.3,0.0,0.0,1473.0,0,,,1173.0,0.5,,0,
20,194,822.5,1316.4,54.1,0.0,33.3,0.0,0.0,33.3,0.0,0.0,33.3,0.0,0.0,0.0,0.0,33.3,0.0,0.0,1473.0,0,,,1173.0,0.5,,0,
21,77,1218.3,1746.7,49.75,0.0,33.3,0.0,0.0,33.3,0.0,0.0,33.3,0.0,0.0,0.0,0.0,33.3,0.0,0.0,1473.0,0,,,1173.0,0.5,,0,
22,293,660.9,1168.2,60.2,0.0,33.3,0.0,0.0,33.3,0.0,0.0,33.3,0.0,0.0,0.0,0.0,33.3,0.0,0.0,1473.0,0,,,1223.0,0.5,,0,
23,194,693.2,1221.4,61.7,0.0,33.3,0.0,0.0,33.3,0.0,0.0,33.3,0.0,0.0,0.0,0.0,33.3,0.0,0.0,1473.0,0,,,1223.0,0.5,,0,
24,77,903.8,1570.1,73.7,0.0,33.3,0.0,0.0,33.3,0.0,0.0,33.3,0.0,0.0,0.0,0.0,33.3,0.0,0.0,1473.0,0,,,1223.0,0.5,,0,
25,293,573.2,1102.4,67.7,0.0,33.3,0.0,0.0,33.3,0.0,0.0,33.3,0.0,0.0,0.0,0.0,33.3,0.0,0.0,1473.0,0,,,1273.0,0.5,,0,
26,194,611.8,1171.4,66.55,0.0,33.3,0.0,0.0,33.3,0.0,0.0,33.3,0.0,0.0,0.0,0.0,33.3,0.0,0.0,1473.0,0,,,1273.0,0.5,,0,
27,77,786.1,1446.3,75.51,0.0,33.3,0.0,0.0,33.3,0.0,0.0,33.3,0.0,0.0,0.0,0.0,33.3,0.0,0.0,1473.0,0,,,1273.0,0.5,,0,
28,293,552.0,1103.0,72.45,0.0,33.3,0.0,0.0,33.3,0.0,0.0,33.3,0.0,0.0,0.0,0.0,33.3,0.0,0.0,1473.0,0,,,1373.0,0.5,,0,
29,194,527.3,1077.4,76.05,0.0,33.3,0.0,0.0,33.3,0.0,0.0,33.3,0.0,0.0,0.0,0.0,33.3,0.0,0.0,1473.0,0,,,1373.0,0.5,,0,
30,77,732.1,1388.8,85.53,0.0,33.3,0.0,0.0,33.3,0.0,0.0,33.3,0.0,0.0,0.0,0.0,33.3,0.0,0.0,1473.0,0,,,1373.0,0.5,,0,
31,293,485.2,937.0,76.35,0.0,33.3,0.0,0.0,33.3,0.0,0.0,33.3,0.0,0.0,0.0,0.0,33.3,0.0,0.0,1473.0,0,,,1423.0,0.5,,0,
32,194,505.4,999.4,77.45,0.0,33.3,0.0,0.0,33.3,0.0,0.0,33.3,0.0,0.0,0.0,0.0,33.3,0.0,0.0,1473.0,0,,,1423.0,0.5,,0,
33,77,643.3,1222.7,85.3,0.0,33.3,0.0,0.0,33.3,0.0,0.0,33.3,0.0,0.0,0.0,0.0,33.3,0.0,0.0,1473.0,0,,,1423.0,0.5,,0,
34,298,805.0,1603.0,53.0,0.0,33.3,33.3,0.0,33.3,0.0,0.0,0.0,0.0,0.0,0.0,0.0,0.0,0.0,0.0,1273.0,0,,,,,,0,
35,200,772.0,1766.0,55.0,0.0,33.3,33.3,0.0,33.3,0.0,0.0,0.0,0.0,0.0,0.0,0.0,0.0,0.0,0.0,1273.0,0,,,,,,0,
36,77,872.0,1809.0,54.0,0.0,33.3,33.3,0.0,33.3,0.0,0.0,0.0,0.0,0.0,0.0,0.0,0.0,0.0,0.0,1273.0,0,,,,,,0,
37,293,265.0,600.0,47.0,0.0,20.0,20.0,20.0,20.0,0.0,0.0,0.0,20.0,0.0,0.0,0.0,0.0,0.0,0.0,1473.0,0,1173.0,1.0,,,,0,
38,293,460.0,1060.0,58.0,0.0,20.0,20.0,20.0,20.0,0.0,0.0,0.0,20.0,0.0,0.0,0.0,0.0,0.0,0.0,1473.0,0,1173.0,1.0,,,,0,
39,298,545.6,1076.0,16.6,24.5,24.5,24.5,24.5,2.0,0.0,0.0,0.0,0.0,0.0,0.0,0.0,0.0,0.0,0.0,,0,,,,,,0,
40,203,580.0,1034.0,10.5,24.5,24.5,24.5,24.5,2.0,0.0,0.0,0.0,0.0,0.0,0.0,0.0,0.0,0.0,0.0,,0,,,,,,0,
41,77,715.0,952.0,3.7,24.5,24.5,24.5,24.5,2.0,0.0,0.0,0.0,0.0,0.0,0.0,0.0,0.0,0.0,0.0,,0,,,,,,0,
42,298,546.4,1046.0,17.7,24.475,24.475,24.475,24.475,2.1,0.0,0.0,0.0,0.0,0.0,0.0,0.0,0.0,0.0,0.0,,0,,,,,,0,
43,203,595.0,1168.0,15.8,24.475,24.475,24.475,24.475,2.1,0.0,0.0,0.0,0.0,0.0,0.0,0.0,0.0,0.0,0.0,,0,,,,,,0,
44,77,690.0,1051.0,6.7,24.475,24.475,24.475,24.475,2.1,0.0,0.0,0.0,0.0,0.0,0.0,0.0,0.0,0.0,0.0,,0,,,,,,0,
45,298,544.5,1120.0,20.5,24.45,24.45,24.45,24.45,2.2,0.0,0.0,0.0,0.0,0.0,0.0,0.0,0.0,0.0,0.0,,0,,,,,,0,
46,203,570.0,1143.0,18.0,24.45,24.45,24.45,24.45,2.2,0.0,0.0,0.0,0.0,0.0,0.0,0.0,0.0,0.0,0.0,,0,,,,,,0,
47,77,705.0,1151.0,9.3,24.45,24.45,24.45,24.45,2.2,0.0,0.0,0.0,0.0,0.0,0.0,0.0,0.0,0.0,0.0,,0,,,,,,0,
48,77,480.0,1725.0,55.0,0.0,25.0,25.0,25.0,25.0,0.0,0.0,0.0,0.0,0.0,0.0,0.0,0.0,0.0,0.0,,0,,,,,,0,
49,293,260.0,980.0,45.0,0.0,25.0,25.0,25.0,25.0,0.0,0.0,0.0,0.0,0.0,0.0,0.0,0.0,0.0,0.0,,0,,,,,,0,
50,77,602.0,1863.0,51.0,0.0,24.9425,24.9425,24.9425,24.9425,0.0,0.0,0.0,0.0,0.0,0.23,0.0,0.0,0.0,0.0,,0,,,,,,0,
51,293,360.0,1238.0,48.0,0.0,24.9425,24.9425,24.9425,24.9425,0.0,0.0,0.0,0.0,0.0,0.23,0.0,0.0,0.0,0.0,,0,,,,,,0,
52,293,702.0,1240.0,36.0,0.0,24.95,24.95,24.95,24.95,0.2,0.0,0.0,0.0,0.0,0.0,0.0,0.0,0.0,0.0,1373.0,0,1373.0,1.0,,,1073.0,1.0,
53,77,860.0,1580.0,46.0,0.0,24.95,24.95,24.95,24.95,0.2,0.0,0.0,0.0,0.0,0.0,0.0,0.0,0.0,0.0,1373.0,0,1373.0,1.0,,,1073.0,1.0,
54,293,524.0,889.0,43.3,0.0,33.3,33.3,0.0,33.3,0.0,0.0,0.0,0.0,0.0,0.0,0.0,0.0,0.0,0.0,1473.0,0,1073.0,1.0,,,,0,
55,198,580.0,1024.0,49.5,0.0,33.3,33.3,0.0,33.3,0.0,0.0,0.0,0.0,0.0,0.0,0.0,0.0,0.0,0.0,1473.0,0,1073.0,1.0,,,,0,
56,77,728.0,1290.0,58.0,0.0,33.3,33.3,0.0,33.3,0.0,0.0,0.0,0.0,0.0,0.0,0.0,0.0,0.0,0.0,1473.0,0,1073.0,1.0,,,,0,
57,293,289.0,777.0,70.5,0.0,33.3,33.3,0.0,33.3,0.0,0.0,0.0,0.0,0.0,0.0,0.0,0.0,0.0,0.0,1473.0,0,1073.0,1.0,1173.0,1.0,,0,
58,198,337.0,886.0,77.5,0.0,33.3,33.3,0.0,33.3,0.0,0.0,0.0,0.0,0.0,0.0,0.0,0.0,0.0,0.0,1473.0,0,1073.0,1.0,1173.0,1.0,,0,
59,77,486.0,1120.0,79.0,0.0,33.3,33.3,0.0,33.3,0.0,0.0,0.0,0.0,0.0,0.0,0.0,0.0,0.0,0.0,1473.0,0,1073.0,1.0,1173.0,1.0,,0,
60,298,595.0,998.0,52.0,6.0,30.66,30.66,0.0,30.66,0.0,2.0,0.0,0.0,0.0,0.0,0.0,0.0,0.0,0.0,1498.0,0,,,,,,0,
61,77,786.0,1351.0,90.0,6.0,30.66,30.66,0.0,30.66,0.0,2.0,0.0,0.0,0.0,0.0,0.0,0.0,0.0,0.0,1498.0,0,,,,,,0,
62,295,331.0,1009.0,45.0,0.0,25.0,25.0,25.0,25.0,0.0,0.0,0.0,0.0,0.0,0.0,0.0,0.0,0.0,0.0,1473.0,0,,,1073.0,1.0,,0,
63,140,502.0,1886.0,58.7,0.0,25.0,25.0,25.0,25.0,0.0,0.0,0.0,0.0,0.0,0.0,0.0,0.0,0.0,0.0,1473.0,0,,,1073.0,1.0,,0,
64,40,637.0,2377.0,58.9,0.0,25.0,25.0,25.0,25.0,0.0,0.0,0.0,0.0,0.0,0.0,0.0,0.0,0.0,0.0,1473.0,0,,,1073.0,1.0,,0,
65,25,676.0,2396.0,58.4,0.0,25.0,25.0,25.0,25.0,0.0,0.0,0.0,0.0,0.0,0.0,0.0,0.0,0.0,0.0,1473.0,0,,,1073.0,1.0,,0,
66,298,424.0,1099.0,52.0,0.0,30.0,10.0,45.0,0.0,0.0,0.0,2.0,5.0,0.0,0.0,0.0,2.0,0.0,0.0,1473.0,0,,,1123.0,1.0,,0,
67,77,457.0,1617.0,49.0,0.0,30.0,10.0,45.0,0.0,0.0,0.0,2.0,5.0,0.0,0.0,0.0,2.0,0.0,0.0,1473.0,0,,,1123.0,1.0,,0,
68,298,1080.0,1380.0,20.0,10.0,29.33,29.33,0.0,29.33,0.0,2.0,0.0,0.0,0.0,0.0,0.0,0.0,0.0,0.0,1498.0,0,,,,,,0,
69,77,1450.0,1830.0,25.0,10.0,29.33,29.33,0.0,29.33,0.0,2.0,0.0,0.0,0.0,0.0,0.0,0.0,0.0,0.0,1498.0,0,,,,,,0,
70,293,836.7,1070.0,32.5,3.1,31.8,31.0,0.0,31.1,3.0,0.0,0.0,0.0,0.0,0.0,0.0,0.0,0.0,0.0,,0,,,,,,0,
71,103,996.9,1423.6,40.6,3.1,31.8,31.0,0.0,31.1,3.0,0.0,0.0,0.0,0.0,0.0,0.0,0.0,0.0,0.0,,0,,,,,,0,
72,293,921.1,1346.4,27.2,3.1,31.8,31.0,0.0,31.1,3.0,0.0,0.0,0.0,0.0,0.0,0.0,0.0,0.0,0.0,1273.0,0,,,,,973.0,2.0,
73,103,1123.7,1702.9,25.4,3.1,31.8,31.0,0.0,31.1,3.0,0.0,0.0,0.0,0.0,0.0,0.0,0.0,0.0,0.0,1273.0,0,,,,,973.0,2.0,
74,298,1570.0,1850.0,12.1,24.475,24.475,24.475,24.475,2.1,0.0,0.0,0.0,0.0,0.0,0.0,0.0,0.0,0.0,0.0,,0,,,813.0,20.0,,0,
75,77,2250.0,2520.0,14.3,24.475,24.475,24.475,24.475,2.1,0.0,0.0,0.0,0.0,0.0,0.0,0.0,0.0,0.0,0.0,,0,,,813.0,20.0,,0,
76,77,2022.0,2309.0,21.2,5.0,40.0,20.0,0.0,30.0,5.0,0.0,0.0,0.0,0.0,0.0,0.0,0.0,0.0,0.0,1473.0,0,,,973.0,2.0,,0,
77,293,1729.0,1888.0,16.0,5.0,40.0,20.0,0.0,30.0,5.0,0.0,0.0,0.0,0.0,0.0,0.0,0.0,0.0,0.0,1473.0,0,,,973.0,2.0,,0,
78,77,600.2,840.4,70.0,0.0,24.625,24.625,0.0,24.625,0.0,0.0,0.0,24.625,1.5,0.0,0.0,0.0,0.0,0.0,,0,,,,,,0,
79,298,431.5,575.0,57.0,0.0,24.625,24.625,0.0,24.625,0.0,0.0,0.0,24.625,1.5,0.0,0.0,0.0,0.0,0.0,,0,,,,,,0,
80,77,595.1,844.9,64.0,0.0,24.625,24.625,0.0,24.625,0.0,0.0,0.0,24.625,1.5,0.0,0.0,0.0,0.0,0.0,,0,,,,,,0,
81,298,434.4,581.8,52.0,0.0,24.625,24.625,0.0,24.625,0.0,0.0,0.0,24.625,1.5,0.0,0.0,0.0,0.0,0.0,,0,,,,,,0,
82,293,,757.0,60.5,0.0,9.0,9.0,53.0,0.0,0.0,0.0,0.0,29.0,0.0,0.0,0.0,0.0,0.0,0.0,,0,,,1473.0,6.0,,0,
83,223,,907.0,69.6,0.0,9.0,9.0,53.0,0.0,0.0,0.0,0.0,29.0,0.0,0.0,0.0,0.0,0.0,0.0,,0,,,1473.0,6.0,,0,
84,298,242.0,508.0,70.0,0.0,0.0,12.0,64.0,12.0,0.0,0.0,0.0,12.0,0.0,0.0,0.0,0.0,0.0,0.0,1473.0,0,,,1273.0,1.0,,0,
85,77,527.0,1090.0,72.0,0.0,0.0,12.0,64.0,12.0,0.0,0.0,0.0,12.0,0.0,0.0,0.0,0.0,0.0,0.0,1473.0,0,,,1273.0,1.0,,0,
86,298,230.0,482.0,67.0,0.0,0.0,12.0,60.0,12.0,0.0,0.0,0.0,16.0,0.0,0.0,0.0,0.0,0.0,0.0,1473.0,0,,,1273.0,1.0,,0,
87,77,489.0,1050.0,86.0,0.0,0.0,12.0,60.0,12.0,0.0,0.0,0.0,16.0,0.0,0.0,0.0,0.0,0.0,0.0,1473.0,0,,,1273.0,1.0,,0,
88,298,223.0,460.0,58.0,0.0,0.0,12.0,56.0,12.0,0.0,0.0,0.0,20.0,0.0,0.0,0.0,0.0,0.0,0.0,1473.0,0,,,1273.0,1.0,,0,
89,77,452.0,815.0,82.0,0.0,0.0,12.0,56.0,12.0,0.0,0.0,0.0,20.0,0.0,0.0,0.0,0.0,0.0,0.0,1473.0,0,,,1273.0,1.0,,0,
90,298,140.0,398.0,98.0,0.0,10.0,9.8,39.9,0.0,0.0,0.0,0.0,40.3,0.0,0.0,0.0,0.0,0.0,0.0,1473.0,0,,,,,,0,
91,77,,850.0,80.0,0.0,10.0,9.8,39.9,0.0,0.0,0.0,0.0,40.3,0.0,0.0,0.0,0.0,0.0,0.0,1473.0,0,,,,,,0,
92,298,213.0,581.0,80.0,0.0,9.98,9.06,39.13,0.0,0.0,0.0,0.0,41.23,0.0,0.0,0.6,0.0,0.0,0.0,1473.0,0,,,,,,0,
93,77,510.0,1022.0,110.0,0.0,9.98,9.06,39.13,0.0,0.0,0.0,0.0,41.23,0.0,0.0,0.6,0.0,0.0,0.0,1473.0,0,,,,,,0,
94,298,191.0,484.0,80.0,0.0,9.7,9.8,38.3,0.0,0.0,0.0,0.0,40.5,0.0,1.7,0.0,0.0,0.0,0.0,1473.0,0,,,,,,0,
95,77,,920.0,72.0,0.0,9.7,9.8,38.3,0.0,0.0,0.0,0.0,40.5,0.0,1.7,0.0,0.0,0.0,0.0,1473.0,0,,,,,,0,
96,77,384.0,947.7,96.9,0.0,20.0,20.0,20.0,20.0,0.0,0.0,0.0,20.0,0.0,0.0,0.0,0.0,0.0,0.0,,0,,,1473.0,2.0,,0,
97,183,251.0,660.0,78.0,0.0,20.0,20.0,20.0,20.0,0.0,0.0,0.0,20.0,0.0,0.0,0.0,0.0,0.0,0.0,,0,,,1473.0,2.0,,0,
98,223,212.0,584.0,76.9,0.0,20.0,20.0,20.0,20.0,0.0,0.0,0.0,20.0,0.0,0.0,0.0,0.0,0.0,0.0,,0,,,1473.0,2.0,,0,
99,273,196.6,563.5,67.8,0.0,20.0,20.0,20.0,20.0,0.0,0.0,0.0,20.0,0.0,0.0,0.0,0.0,0.0,0.0,,0,,,1473.0,2.0,,0,
100,297,178.4,522.7,63.5,0.0,20.0,20.0,20.0,20.0,0.0,0.0,0.0,20.0,0.0,0.0,0.0,0.0,0.0,0.0,,0,,,1473.0,2.0,,0,
101,373,152.4,466.3,56.0,0.0,20.0,20.0,20.0,20.0,0.0,0.0,0.0,20.0,0.0,0.0,0.0,0.0,0.0,0.0,,0,,,1473.0,2.0,,0,
102,473,126.4,423.9,53.0,0.0,20.0,20.0,20.0,20.0,0.0,0.0,0.0,20.0,0.0,0.0,0.0,0.0,0.0,0.0,,0,,,1473.0,2.0,,0,
103,77,527.9,1146.3,62.1,0.0,19.1,20.1,20.2,20.4,0.0,0.0,0.0,19.4,0.0,0.0,0.0,0.0,0.0,0.0,,0,,,1473.0,2.0,,0,
104,183,360.6,823.7,68.7,0.0,19.1,20.1,20.2,20.4,0.0,0.0,0.0,19.4,0.0,0.0,0.0,0.0,0.0,0.0,,0,,,1473.0,2.0,,0,
105,233,317.2,743.0,65.3,0.0,19.1,20.1,20.2,20.4,0.0,0.0,0.0,19.4,0.0,0.0,0.0,0.0,0.0,0.0,,0,,,1473.0,2.0,,0,
106,273,282.5,670.2,66.7,0.0,19.1,20.1,20.2,20.4,0.0,0.0,0.0,19.4,0.0,0.0,0.0,0.0,0.0,0.0,,0,,,1473.0,2.0,,0,
107,297,260.8,623.3,63.0,0.0,19.1,20.1,20.2,20.4,0.0,0.0,0.0,19.4,0.0,0.0,0.0,0.0,0.0,0.0,,0,,,1473.0,2.0,,0,
108,373,217.4,532.3,59.2,0.0,19.1,20.1,20.2,20.4,0.0,0.0,0.0,19.4,0.0,0.0,0.0,0.0,0.0,0.0,,0,,,1473.0,2.0,,0,
109,473,170.6,488.1,64.1,0.0,19.1,20.1,20.2,20.4,0.0,0.0,0.0,19.4,0.0,0.0,0.0,0.0,0.0,0.0,,0,,,1473.0,2.0,,0,
110,77,607.0,1302.0,51.0,0.0,18.3,20.1,20.3,19.9,0.0,0.0,0.0,20.0,0.0,0.0,0.0,0.0,0.0,0.0,,0,,,1473.0,2.0,,0,
111,183,420.4,953.8,70.6,0.0,18.3,20.1,20.3,19.9,0.0,0.0,0.0,20.0,0.0,0.0,0.0,0.0,0.0,0.0,,0,,,1473.0,2.0,,0,
112,233,379.4,857.5,66.7,0.0,18.3,20.1,20.3,19.9,0.0,0.0,0.0,20.0,0.0,0.0,0.0,0.0,0.0,0.0,,0,,,1473.0,2.0,,0,
113,273,321.5,753.4,65.7,0.0,18.3,20.1,20.3,19.9,0.0,0.0,0.0,20.0,0.0,0.0,0.0,0.0,0.0,0.0,,0,,,1473.0,2.0,,0,
114,297,295.5,698.8,68.0,0.0,18.3,20.1,20.3,19.9,0.0,0.0,0.0,20.0,0.0,0.0,0.0,0.0,0.0,0.0,,0,,,1473.0,2.0,,0,
115,373,248.6,620.7,70.1,0.0,18.3,20.1,20.3,19.9,0.0,0.0,0.0,20.0,0.0,0.0,0.0,0.0,0.0,0.0,,0,,,1473.0,2.0,,0,
116,473,204.4,566.1,69.0,0.0,18.3,20.1,20.3,19.9,0.0,0.0,0.0,20.0,0.0,0.0,0.0,0.0,0.0,0.0,,0,,,1473.0,2.0,,0,
117,77,612.9,1055.3,11.2,0.0,17.0,20.3,20.4,20.3,0.0,0.0,0.0,20.4,0.0,0.0,0.0,0.0,0.0,0.0,,0,,,1473.0,2.0,,0,
118,183,456.8,990.2,70.1,0.0,17.0,20.3,20.4,20.3,0.0,0.0,0.0,20.4,0.0,0.0,0.0,0.0,0.0,0.0,,0,,,1473.0,2.0,,0,
119,233,404.8,888.7,69.7,0.0,17.0,20.3,20.4,20.3,0.0,0.0,0.0,20.4,0.0,0.0,0.0,0.0,0.0,0.0,,0,,,1473.0,2.0,,0,
120,273,360.5,834.1,71.2,0.0,17.0,20.3,20.4,20.3,0.0,0.0,0.0,20.4,0.0,0.0,0.0,0.0,0.0,0.0,,0,,,1473.0,2.0,,0,
121,297,339.7,774.3,70.7,0.0,17.0,20.3,20.4,20.3,0.0,0.0,0.0,20.4,0.0,0.0,0.0,0.0,0.0,0.0,,0,,,1473.0,2.0,,0,
122,373,287.7,683.2,72.7,0.0,17.0,20.3,20.4,20.3,0.0,0.0,0.0,20.4,0.0,0.0,0.0,0.0,0.0,0.0,,0,,,1473.0,2.0,,0,
123,473,222.6,605.1,75.2,0.0,17.0,20.3,20.4,20.3,0.0,0.0,0.0,20.4,0.0,0.0,0.0,0.0,0.0,0.0,,0,,,1473.0,2.0,,0,
124,298,960.0,990.0,14.0,10.0,22.5,22.5,22.5,22.5,0.0,0.0,0.0,0.0,0.0,0.0,0.0,0.0,0.0,0.0,,0,,,,,,0,
125,77,1200.0,1350.0,35.0,10.0,22.5,22.5,22.5,22.5,0.0,0.0,0.0,0.0,0.0,0.0,0.0,0.0,0.0,0.0,,0,,,,,,0,
126,298,350.0,580.0,53.0,10.0,22.5,22.5,22.5,22.5,0.0,0.0,0.0,0.0,0.0,0.0,0.0,0.0,0.0,0.0,,0,,,,,,0,
127,77,530.0,890.0,89.0,10.0,22.5,22.5,22.5,22.5,0.0,0.0,0.0,0.0,0.0,0.0,0.0,0.0,0.0,0.0,,0,,,,,,0,
128,298,428.0,5023.0,58.9,0.0,30.0,10.0,46.0,0.0,0.0,0.0,7.0,5.0,0.0,0.0,0.0,7.0,0.0,0.0,1373.0,0,,,1173.0,20.0,,0,
129,77,595.0,6356.0,56.2,0.0,30.0,10.0,46.0,0.0,0.0,0.0,7.0,5.0,0.0,0.0,0.0,7.0,0.0,0.0,1373.0,0,,,1173.0,20.0,,0,
130,298,417.0,5389.0,57.3,0.0,30.0,10.0,46.0,0.0,0.0,0.0,2.0,5.0,0.0,0.0,0.0,2.0,0.0,0.0,1373.0,0,,,1173.0,20.0,,0,
131,77,557.0,6530.0,55.5,0.0,30.0,10.0,46.0,0.0,0.0,0.0,2.0,5.0,0.0,0.0,0.0,2.0,0.0,0.0,1373.0,0,,,1173.0,20.0,,0,
132,298,624.0,739.0,32.6,0.0,19.87,20.1,20.09,20.08,0.0,0.0,0.0,19.85,0.0,0.0,0.0,0.0,0.0,0.0,,0,,,,,,0,
133,298,573.0,728.0,34.5,0.0,19.87,20.1,20.09,20.08,0.0,0.0,0.0,19.85,0.0,0.0,0.0,0.0,0.0,0.0,,0,,,,,,0,
134,298,306.0,694.0,57.3,0.0,19.87,20.1,20.09,20.08,0.0,0.0,0.0,19.85,0.0,0.0,0.0,0.0,0.0,0.0,1373.0,0,,,1173.0,1.0,,0,
135,77,843.0,1134.0,29.9,0.0,19.87,20.1,20.09,20.08,0.0,0.0,0.0,19.85,0.0,0.0,0.0,0.0,0.0,0.0,,0,,,,,,0,
136,77,799.0,1143.0,40.3,0.0,19.87,20.1,20.09,20.08,0.0,0.0,0.0,19.85,0.0,0.0,0.0,0.0,0.0,0.0,,0,,,,,,0,
137,77,586.0,1168.0,73.7,0.0,19.87,20.1,20.09,20.08,0.0,0.0,0.0,19.85,0.0,0.0,0.0,0.0,0.0,0.0,1373.0,0,,,1173.0,1.0,,0,
138,298,420.0,870.0,50.0,3.0,34.46,32.12,0.0,27.42,3.0,0.0,0.0,0.0,0.0,0.0,0.0,0.0,0.0,0.0,1473.0,0,,,1273.0,1.0,,0,
139,77,730.0,1300.0,65.0,3.0,34.46,32.12,0.0,27.42,3.0,0.0,0.0,0.0,0.0,0.0,0.0,0.0,0.0,0.0,1473.0,0,,,1273.0,1.0,,0,
140,298,870.0,1300.0,28.0,3.0,34.46,32.12,0.0,27.42,3.0,0.0,0.0,0.0,0.0,0.0,0.0,0.0,0.0,0.0,1473.0,0,,,1273.0,1.0,973.0,4.0,
141,77,970.0,1630.0,35.0,3.0,34.46,32.12,0.0,27.42,3.0,0.0,0.0,0.0,0.0,0.0,0.0,0.0,0.0,0.0,1473.0,0,,,1273.0,1.0,973.0,4.0,
142,298,695.0,887.0,40.0,0.0,31.72,36.45,0.0,31.82,0.0,0.0,0.0,0.0,0.0,0.0,0.0,0.0,0.0,0.0,,0,,,,,,0,
143,150,740.0,1037.0,44.0,0.0,31.72,36.45,0.0,31.82,0.0,0.0,0.0,0.0,0.0,0.0,0.0,0.0,0.0,0.0,,0,,,,,,0,
144,298,330.0,783.0,76.0,0.0,31.72,36.45,0.0,31.82,0.0,0.0,0.0,0.0,0.0,0.0,0.0,0.0,0.0,0.0,,0,,,,,,0,
145,150,405.0,916.0,81.0,0.0,31.72,36.45,0.0,31.82,0.0,0.0,0.0,0.0,0.0,0.0,0.0,0.0,0.0,0.0,,0,,,,,,0,
146,298,220.0,570.0,42.0,0.0,10.0,10.0,50.0,0.0,0.0,0.0,0.0,30.0,0.0,0.0,0.0,0.0,0.0,0.0,,0,,,,,,0,
147,77,360.0,920.0,17.0,0.0,10.0,10.0,50.0,0.0,0.0,0.0,0.0,30.0,0.0,0.0,0.0,0.0,0.0,0.0,,0,,,,,,0,
148,298,350.0,860.0,40.0,0.0,10.0,10.0,50.0,0.0,0.0,0.0,0.0,30.0,0.0,0.0,0.0,0.0,0.0,0.0,,0,,,1173.0,10.0,,0,
149,77,450.0,1350.0,44.0,0.0,10.0,10.0,50.0,0.0,0.0,0.0,0.0,30.0,0.0,0.0,0.0,0.0,0.0,0.0,,0,,,1173.0,10.0,,0,
150,298,330.0,637.0,54.0,0.0,10.0,10.0,40.0,0.0,0.0,0.0,0.0,40.0,0.0,0.0,0.0,0.0,0.0,0.0,,0,,,1173.0,10.0,,0,
151,77,570.0,1150.0,77.0,0.0,10.0,10.0,40.0,0.0,0.0,0.0,0.0,40.0,0.0,0.0,0.0,0.0,0.0,0.0,,0,,,1173.0,10.0,,0,
152,77,,1040.0,62.0,0.0,0.0,15.0,55.0,10.0,0.0,0.0,0.0,20.0,0.0,0.0,0.0,0.0,0.0,0.0,,0,,,1173.0,10.0,,0,
153,77,,980.0,83.0,0.0,0.0,15.0,50.0,10.0,0.0,0.0,0.0,25.0,0.0,0.0,0.0,0.0,0.0,0.0,,0,,,1173.0,10.0,,0,
154,293,,560.0,59.0,0.0,0.0,15.0,55.0,10.0,0.0,0.0,0.0,20.0,0.0,0.0,0.0,0.0,0.0,0.0,,0,,,1173.0,10.0,,0,
155,293,,490.0,59.0,0.0,0.0,15.0,50.0,10.0,0.0,0.0,0.0,25.0,0.0,0.0,0.0,0.0,0.0,0.0,,0,,,1173.0,10.0,,0,
156,293,288.0,697.0,,0.0,10.0,10.0,50.0,0.0,0.0,0.0,0.0,30.0,0.0,0.0,0.0,0.0,0.0,0.0,1473.0,0,,,1173.0,3.0,,0,
157,77,398.0,1323.0,,0.0,10.0,10.0,50.0,0.0,0.0,0.0,0.0,30.0,0.0,0.0,0.0,0.0,0.0,0.0,1473.0,0,,,1173.0,3.0,,0,
158,293,463.0,845.0,,0.0,10.0,10.0,49.0,0.0,0.0,0.0,0.0,30.0,0.0,0.0,0.0,0.0,0.0,0.0,1473.0,0,,,1173.0,3.0,,0,
159,77,1078.0,1630.0,,0.0,10.0,10.0,49.0,0.0,0.0,0.0,0.0,30.0,0.0,0.0,0.0,0.0,0.0,0.0,1473.0,0,,,1173.0,3.0,,0,
160,293,517.0,909.0,,0.0,10.0,10.0,48.2,0.0,0.0,0.0,0.0,30.0,0.0,0.0,0.0,0.0,0.0,0.0,1473.0,0,,,1173.0,3.0,,0,
161,77,1206.0,1620.0,,0.0,10.0,10.0,48.2,0.0,0.0,0.0,0.0,30.0,0.0,0.0,0.0,0.0,0.0,0.0,1473.0,0,,,1173.0,3.0,,0,
162,293,596.0,977.0,,0.0,10.0,10.0,47.4,0.0,0.0,0.0,0.0,30.0,0.0,0.0,0.0,0.0,0.0,0.0,1473.0,0,,,1173.0,3.0,,0,
163,77,,,,0.0,10.0,10.0,47.4,0.0,0.0,0.0,0.0,30.0,0.0,0.0,0.0,0.0,0.0,0.0,1473.0,0,,,1173.0,3.0,,0,
164,298,988.0,1357.0,38.4,0.0,33.4,0.0,0.0,33.7,0.0,0.0,32.9,0.0,0.0,0.0,0.0,32.9,0.0,0.0,1473.0,0,,,1173.0,0.167,,0,
165,298,710.0,1172.0,48.7,0.0,33.4,0.0,0.0,33.7,0.0,0.0,32.9,0.0,0.0,0.0,0.0,32.9,0.0,0.0,1473.0,0,,,1173.0,1.0,,0,
166,298,627.0,1140.0,52.0,0.0,33.4,0.0,0.0,33.7,0.0,0.0,32.9,0.0,0.0,0.0,0.0,32.9,0.0,0.0,1473.0,0,,,1223.0,1.0,,0,
167,298,501.0,973.0,70.0,0.0,33.4,0.0,0.0,33.7,0.0,0.0,32.9,0.0,0.0,0.0,0.0,32.9,0.0,0.0,1473.0,0,,,1273.0,1.0,,0,
168,77,1217.0,1703.0,42.1,0.0,33.4,0.0,0.0,33.7,0.0,0.0,32.9,0.0,0.0,0.0,0.0,32.9,0.0,0.0,1473.0,0,,,1173.0,0.167,,0,
169,77,960.0,1551.0,56.7,0.0,33.4,0.0,0.0,33.7,0.0,0.0,32.9,0.0,0.0,0.0,0.0,32.9,0.0,0.0,1473.0,0,,,1173.0,1.0,,0,
170,77,895.0,1474.0,58.7,0.0,33.4,0.0,0.0,33.7,0.0,0.0,32.9,0.0,0.0,0.0,0.0,32.9,0.0,0.0,1473.0,0,,,1223.0,1.0,,0,
171,77,710.0,1271.0,75.3,0.0,33.4,0.0,0.0,33.7,0.0,0.0,32.9,0.0,0.0,0.0,0.0,32.9,0.0,0.0,1473.0,0,,,1273.0,1.0,,0,
172,298,257.0,492.0,47.0,0.0,0.0,15.0,50.0,10.0,0.0,0.0,0.0,25.0,0.0,0.0,0.0,0.0,0.0,0.0,,0,,,1173.0,10.0,,0,
173,77,460.0,936.0,89.0,0.0,0.0,15.0,50.0,10.0,0.0,0.0,0.0,25.0,0.0,0.0,0.0,0.0,0.0,0.0,,0,,,1173.0,10.0,,0,
174,298,356.0,603.0,53.0,3.0,0.0,14.55,48.5,9.7,0.0,0.0,0.0,24.25,0.0,0.0,0.0,0.0,0.0,0.0,,0,,,1173.0,10.0,,0,
175,77,557.0,1014.0,87.0,3.0,0.0,14.55,48.5,9.7,0.0,0.0,0.0,24.25,0.0,0.0,0.0,0.0,0.0,0.0,,0,,,1173.0,10.0,,0,
176,298,396.0,653.0,50.0,5.0,0.0,14.25,47.5,9.5,0.0,0.0,0.0,23.75,0.0,0.0,0.0,0.0,0.0,0.0,,0,,,1173.0,10.0,,0,
177,77,560.0,1077.0,85.0,5.0,0.0,14.25,47.5,9.5,0.0,0.0,0.0,23.75,0.0,0.0,0.0,0.0,0.0,0.0,,0,,,1173.0,10.0,,0,
178,298,480.0,724.0,40.0,6.0,0.0,14.1,47.0,9.4,0.0,0.0,0.0,23.5,0.0,0.0,0.0,0.0,0.0,0.0,,0,,,1173.0,10.0,,0,
179,77,719.0,1092.0,58.0,6.0,0.0,14.1,47.0,9.4,0.0,0.0,0.0,23.5,0.0,0.0,0.0,0.0,0.0,0.0,,0,,,1173.0,10.0,,0,
180,298,680.0,852.0,32.0,7.0,0.0,13.95,46.5,9.3,0.0,0.0,0.0,23.25,0.0,0.0,0.0,0.0,0.0,0.0,,0,,,1173.0,0.5,,0,
181,77,860.0,1134.0,23.0,7.0,0.0,13.95,46.5,9.3,0.0,0.0,0.0,23.25,0.0,0.0,0.0,0.0,0.0,0.0,,0,,,1173.0,0.5,,0,
182,4.2,560.0,1392.0,83.0,0.0,33.3,33.4,0.0,33.3,0.0,0.0,0.0,0.0,0.0,0.0,0.0,0.0,0.0,0.0,1473.0,0,,,1173.0,2.0,,0,
183,77,496.0,1202.0,78.0,0.0,33.3,33.4,0.0,33.3,0.0,0.0,0.0,0.0,0.0,0.0,0.0,0.0,0.0,0.0,1473.0,0,,,1173.0,2.0,,0,
184,298,300.0,822.0,74.0,0.0,33.3,33.4,0.0,33.3,0.0,0.0,0.0,0.0,0.0,0.0,0.0,0.0,0.0,0.0,1473.0,0,,,1173.0,2.0,,0,
185,293,145.0,430.0,73.0,0.0,20.0,26.0,20.0,14.0,0.0,0.0,0.0,20.0,0.0,0.0,0.0,0.0,0.0,0.0,,0,,,1273.0,8.0,,0,
186,203,355.0,730.0,86.0,0.0,20.0,26.0,20.0,14.0,0.0,0.0,0.0,20.0,0.0,0.0,0.0,0.0,0.0,0.0,,0,,,1273.0,8.0,,0,
187,77,450.0,1020.0,95.0,0.0,20.0,26.0,20.0,14.0,0.0,0.0,0.0,20.0,0.0,0.0,0.0,0.0,0.0,0.0,,0,,,1273.0,8.0,,0,
188,20.0,575.0,1209.0,66.0,0.0,20.0,26.0,20.0,14.0,0.0,0.0,0.0,20.0,0.0,0.0,0.0,0.0,0.0,0.0,,0,,,1273.0,8.0,,0,
189,4.2,660.0,1300.0,65.0,0.0,20.0,26.0,20.0,14.0,0.0,0.0,0.0,20.0,0.0,0.0,0.0,0.0,0.0,0.0,,0,,,1273.0,8.0,,0,
190,293,1180.0,1335.0,19.0,0.0,48.9,48.9,0.0,2.0,0.0,0.0,0.0,0.0,0.0,0.0,0.0,0.0,0.0,0.2,1473.0,0,,,,,923.0,120.0,
191,77,1320.0,1552.0,25.0,0.0,48.9,48.9,0.0,2.0,0.0,0.0,0.0,0.0,0.0,0.0,0.0,0.0,0.0,0.2,1473.0,0,,,,,923.0,120.0,
192,298,220.0,475.0,55.2,0.0,10.0,10.0,40.0,0.0,0.0,0.0,0.0,40.0,0.0,0.0,0.0,0.0,0.0,0.0,,0,,,,,,0,
193,159,260.0,566.0,59.6,0.0,10.0,10.0,40.0,0.0,0.0,0.0,0.0,40.0,0.0,0.0,0.0,0.0,0.0,0.0,,0,,,,,,0,
194,77,425.0,885.0,69.5,0.0,10.0,10.0,40.0,0.0,0.0,0.0,0.0,40.0,0.0,0.0,0.0,0.0,0.0,0.0,,0,,,,,,0,
195,298,314.0,654.0,62.1,0.0,9.78,9.78,39.12,0.0,0.0,0.0,0.0,39.12,0.0,0.0,2.2,0.0,0.0,0.0,,0,,,,,,0,
196,159,460.0,822.0,69.1,0.0,9.78,9.78,39.12,0.0,0.0,0.0,0.0,39.12,0.0,0.0,2.2,0.0,0.0,0.0,,0,,,,,,0,
197,77,739.0,1030.0,26.8,0.0,9.78,9.78,39.12,0.0,0.0,0.0,0.0,39.12,0.0,0.0,2.2,0.0,0.0,0.0,,0,,,,,,0,
198,298,418.0,785.0,77.8,0.0,9.67,9.67,38.68,0.0,0.0,0.0,0.0,38.68,0.0,0.0,3.3,0.0,0.0,0.0,,0,,,,,,0,
199,159,540.0,900.0,55.2,0.0,9.67,9.67,38.68,0.0,0.0,0.0,0.0,38.68,0.0,0.0,3.3,0.0,0.0,0.0,,0,,,,,,0,
200,77,891.0,1025.0,10.2,0.0,9.67,9.67,38.68,0.0,0.0,0.0,0.0,38.68,0.0,0.0,3.3,0.0,0.0,0.0,,0,,,,,,0,
201,0.5,930.0,,45.5,0.0,17.5,12.5,55.0,10.0,0.0,0.0,0.0,0.0,0.0,5.0,0.0,0.0,0.0,0.0,1523.0,0,,,1173.0,1.0,,0,
202,2.1,980.0,,33.0,0.0,17.5,12.5,55.0,10.0,0.0,0.0,0.0,0.0,0.0,5.0,0.0,0.0,0.0,0.0,1523.0,0,,,1173.0,1.0,,0,
203,4.2,1075.0,1651.0,36.7,0.0,17.5,12.5,55.0,10.0,0.0,0.0,0.0,0.0,0.0,5.0,0.0,0.0,0.0,0.0,1523.0,0,,,1173.0,1.0,,0,
204,77,855.0,,55.0,0.0,17.5,12.5,55.0,10.0,0.0,0.0,0.0,0.0,0.0,5.0,0.0,0.0,0.0,0.0,1523.0,0,,,1173.0,1.0,,0,
205,298,460.0,,47.0,0.0,17.5,12.5,55.0,10.0,0.0,0.0,0.0,0.0,0.0,5.0,0.0,0.0,0.0,0.0,1523.0,0,,,1173.0,1.0,,0,
206,,2201.26,,,0.0,0.0,0.0,0.0,0.0,30.0,10.0,0.0,0.0,0.0,0.0,0.0,0.0,0.0,20.0,,0,,,,,,0,
207,,1764.04,,,0.0,0.0,0.0,0.0,0.0,30.0,10.0,0.0,0.0,0.0,0.0,0.0,0.0,0.0,20.0,,0,,,,,,0,
208,,1650.47,,,0.0,0.0,0.0,0.0,0.0,30.0,10.0,0.0,0.0,0.0,0.0,0.0,0.0,0.0,20.0,,0,,,,,,0,
209,,1383.6,,,0.0,0.0,0.0,0.0,0.0,30.0,10.0,0.0,0.0,0.0,0.0,0.0,0.0,0.0,20.0,,0,,,,,,0,
210,,1179.18,,,0.0,0.0,0.0,0.0,0.0,30.0,10.0,0.0,0.0,0.0,0.0,0.0,0.0,0.0,20.0,,0,,,,,,0,
211,,1111.04,,,0.0,0.0,0.0,0.0,0.0,30.0,10.0,0.0,0.0,0.0,0.0,0.0,0.0,0.0,20.0,,0,,,,,,0,
212,,1031.55,,,0.0,0.0,0.0,0.0,0.0,30.0,10.0,0.0,0.0,0.0,0.0,0.0,0.0,0.0,20.0,,0,,,,,,0,
213,,2252.37,,,0.0,0.0,0.0,0.0,0.0,30.0,10.0,0.0,0.0,0.0,0.0,0.0,0.0,0.0,20.0,,0,,,,,,0,
214,,1894.64,,,0.0,0.0,0.0,0.0,0.0,30.0,10.0,0.0,0.0,0.0,0.0,0.0,0.0,0.0,20.0,,0,,,,,,0,
215,,1570.98,,,0.0,0.0,0.0,0.0,0.0,30.0,10.0,0.0,0.0,0.0,0.0,0.0,0.0,0.0,20.0,,0,,,,,,0,
216,,1366.56,,,0.0,0.0,0.0,0.0,0.0,30.0,10.0,0.0,0.0,0.0,0.0,0.0,0.0,0.0,20.0,,0,,,,,,0,
217,,1218.93,,,0.0,0.0,0.0,0.0,0.0,30.0,10.0,0.0,0.0,0.0,0.0,0.0,0.0,0.0,20.0,,0,,,,,,0,
218,,1162.15,,,0.0,0.0,0.0,0.0,0.0,30.0,10.0,0.0,0.0,0.0,0.0,0.0,0.0,0.0,20.0,,0,,,,,,0,
219,,1059.94,,,0.0,0.0,0.0,0.0,0.0,30.0,10.0,0.0,0.0,0.0,0.0,0.0,0.0,0.0,20.0,,0,,,,,,0,
220,,2394.32,,,0.0,0.0,0.0,0.0,0.0,30.0,10.0,0.0,0.0,0.0,0.0,0.0,0.0,0.0,20.0,,0,,,1270.0,1.0,,0,
221,,1945.74,,,0.0,0.0,0.0,0.0,0.0,30.0,10.0,0.0,0.0,0.0,0.0,0.0,0.0,0.0,20.0,,0,,,1270.0,1.0,,0,
222,,1389.27,,,0.0,0.0,0.0,0.0,0.0,30.0,10.0,0.0,0.0,0.0,0.0,0.0,0.0,0.0,20.0,,0,,,1270.0,1.0,,0,
223,,1258.68,,,0.0,0.0,0.0,0.0,0.0,30.0,10.0,0.0,0.0,0.0,0.0,0.0,0.0,0.0,20.0,,0,,,1270.0,1.0,,0,
224,,1048.58,,,0.0,0.0,0.0,0.0,0.0,30.0,10.0,0.0,0.0,0.0,0.0,0.0,0.0,0.0,20.0,,0,,,1270.0,1.0,,0,
225,,912.3,,,0.0,0.0,0.0,0.0,0.0,30.0,10.0,0.0,0.0,0.0,0.0,0.0,0.0,0.0,20.0,,0,,,1270.0,1.0,,0,
226,,628.39,,,0.0,0.0,0.0,0.0,0.0,30.0,10.0,0.0,0.0,0.0,0.0,0.0,0.0,0.0,20.0,,0,,,1270.0,1.0,,0,
227,113,330.0,590.0,45.0,0.0,20.43,19.81,20.15,20.22,0.0,0.0,0.0,18.75,0.0,0.0,0.23,0.0,0.0,0.0,,0,,,,,,0,
228,173,300.0,540.0,38.0,0.0,20.43,19.81,20.15,20.22,0.0,0.0,0.0,18.75,0.0,0.0,0.23,0.0,0.0,0.0,,0,,,,,,0,
229,213,260.0,470.0,39.0,0.0,20.43,19.81,20.15,20.22,0.0,0.0,0.0,18.75,0.0,0.0,0.23,0.0,0.0,0.0,,0,,,,,,0,
230,113,330.0,630.0,40.0,0.0,20.43,19.81,20.15,20.22,0.0,0.0,0.0,18.75,0.0,0.0,0.23,0.0,0.0,0.0,,0,,,,,,0,
231,173,290.0,520.0,32.0,0.0,20.43,19.81,20.15,20.22,0.0,0.0,0.0,18.75,0.0,0.0,0.23,0.0,0.0,0.0,,0,,,,,,0,
232,213,260.0,510.0,37.0,0.0,20.43,19.81,20.15,20.22,0.0,0.0,0.0,18.75,0.0,0.0,0.23,0.0,0.0,0.0,,0,,,,,,0,
233,113,330.0,610.0,40.0,0.0,20.43,19.81,20.15,20.22,0.0,0.0,0.0,18.75,0.0,0.0,0.23,0.0,0.0,0.0,,0,,,,,,0,
234,173,310.0,530.0,31.0,0.0,20.43,19.81,20.15,20.22,0.0,0.0,0.0,18.75,0.0,0.0,0.23,0.0,0.0,0.0,,0,,,,,,0,
235,213,270.0,510.0,40.0,0.0,20.43,19.81,20.15,20.22,0.0,0.0,0.0,18.75,0.0,0.0,0.23,0.0,0.0,0.0,,0,,,,,,0,
236,77,120.0,,,2.2,24.6,24.9,24.2,24.1,0.0,0.0,0.0,0.0,0.0,0.0,0.0,0.0,0.0,0.0,,0,,,,,,0,
237,200,168.0,,,2.2,24.6,24.9,24.2,24.1,0.0,0.0,0.0,0.0,0.0,0.0,0.0,0.0,0.0,0.0,,0,,,,,,0,
238,298,275.0,,,2.2,24.6,24.9,24.2,24.1,0.0,0.0,0.0,0.0,0.0,0.0,0.0,0.0,0.0,0.0,,0,,,,,,0,
239,293,272.0,567.0,47.0,0.0,10.0,10.0,40.0,0.0,0.0,0.0,0.0,40.0,0.0,0.0,0.0,0.0,0.0,0.0,1473.0,0,,,1173.0,3.0,,0,
240,77,481.0,1003.0,65.0,0.0,10.0,10.0,40.0,0.0,0.0,0.0,0.0,40.0,0.0,0.0,0.0,0.0,0.0,0.0,1473.0,0,,,1173.0,3.0,,0,
241,298,359.0,732.0,55.8,0.0,30.07,9.92,45.55,4.78,0.0,0.0,9.68,0.0,0.0,0.0,0.0,9.68,0.0,0.0,1373.0,0,,,1273.0,10.0,,0,
242,77,629.0,1300.0,67.0,0.0,30.07,9.92,45.55,4.78,0.0,0.0,9.68,0.0,0.0,0.0,0.0,9.68,0.0,0.0,1373.0,0,,,1273.0,10.0,,0,
243,298,345.0,769.0,57.2,0.0,29.84,10.09,45.69,2.45,0.0,0.0,9.45,2.48,0.0,0.0,0.0,9.45,0.0,0.0,1373.0,0,,,1273.0,10.0,,0,
244,77,621.0,1450.0,53.9,0.0,29.84,10.09,45.69,2.45,0.0,0.0,9.45,2.48,0.0,0.0,0.0,9.45,0.0,0.0,1373.0,0,,,1273.0,10.0,,0,
245,298,374.0,802.0,66.5,0.0,29.85,10.04,45.65,0.0,0.0,0.0,9.55,4.91,0.0,0.0,0.0,9.55,0.0,0.0,1373.0,0,,,1273.0,10.0,,0,
246,77,640.0,1623.0,46.8,0.0,29.85,10.04,45.65,0.0,0.0,0.0,9.55,4.91,0.0,0.0,0.0,9.55,0.0,0.0,1373.0,0,,,1273.0,10.0,,0,
247,293,530.0,920.0,60.0,0.0,33.3,33.3,0.0,33.3,0.0,0.0,0.0,0.0,0.0,0.0,0.0,0.0,0.0,0.0,1473.0,0,1073.0,1.0,1073.0,1.0,,0,
248,140,520.0,1050.0,80.0,0.0,25.0,25.0,25.0,25.0,0.0,0.0,0.0,0.0,0.0,0.0,0.0,0.0,0.0,0.0,1473.0,0,1073.0,1.0,1073.0,1.0,,0,
249,293,390.0,705.0,57.0,0.0,25.0,25.0,25.0,25.0,0.0,0.0,0.0,0.0,0.0,0.0,0.0,0.0,0.0,0.0,1473.0,0,1073.0,1.0,1073.0,1.0,,0,
250,298,138.0,338.0,25.0,0.0,20.0,20.0,20.0,20.0,0.0,0.0,0.0,20.0,0.0,0.0,0.0,0.0,0.0,0.0,,0,,,,,,0,
251,223,155.0,400.0,27.0,0.0,20.0,20.0,20.0,20.0,0.0,0.0,0.0,20.0,0.0,0.0,0.0,0.0,0.0,0.0,,0,,,,,,0,
252,173,300.0,610.0,31.0,0.0,20.0,20.0,20.0,20.0,0.0,0.0,0.0,20.0,0.0,0.0,0.0,0.0,0.0,0.0,,0,,,,,,0,
253,123,310.0,650.0,33.0,0.0,20.0,20.0,20.0,20.0,0.0,0.0,0.0,20.0,0.0,0.0,0.0,0.0,0.0,0.0,,0,,,,,,0,
254,298,165.0,,,2.16,23.01,23.54,26.96,24.3,0.0,0.0,0.0,0.0,0.0,0.0,0.0,0.0,0.0,0.0,,0,,,,,,0,
255,298,181.0,,,2.16,23.01,23.54,26.96,24.3,0.0,0.0,0.0,0.0,0.0,0.0,0.0,0.0,0.0,0.0,,0,,,,,,0,
256,298,210.6,,,2.16,23.01,23.54,26.96,24.3,0.0,0.0,0.0,0.0,0.0,0.0,0.0,0.0,0.0,0.0,,0,,,,,,0,
257,298,290.5,,,2.16,23.01,23.54,26.96,24.3,0.0,0.0,0.0,0.0,0.0,0.0,0.0,0.0,0.0,0.0,,0,,,,,,0,
258,298,350.7,,,2.16,23.01,23.54,26.96,24.3,0.0,0.0,0.0,0.0,0.0,0.0,0.0,0.0,0.0,0.0,,0,,,,,,0,
259,298,400.0,,,2.16,23.01,23.54,26.96,24.3,0.0,0.0,0.0,0.0,0.0,0.0,0.0,0.0,0.0,0.0,,0,,,,,,0,
260,77,275.2,,,2.16,23.01,23.54,26.96,24.3,0.0,0.0,0.0,0.0,0.0,0.0,0.0,0.0,0.0,0.0,,0,,,,,,0,
261,77,461.3,,,2.16,23.01,23.54,26.96,24.3,0.0,0.0,0.0,0.0,0.0,0.0,0.0,0.0,0.0,0.0,,0,,,,,,0,
262,77,499.6,,,2.16,23.01,23.54,26.96,24.3,0.0,0.0,0.0,0.0,0.0,0.0,0.0,0.0,0.0,0.0,,0,,,,,,0,
263,77,598.9,,,2.16,23.01,23.54,26.96,24.3,0.0,0.0,0.0,0.0,0.0,0.0,0.0,0.0,0.0,0.0,,0,,,,,,0,
264,300,266.0,544.0,112.0,0.0,33.3,33.3,0.0,33.3,0.0,0.0,0.0,0.0,0.0,0.0,0.0,0.0,0.0,0.0,,0,,,,,,0,
265,77,370.0,817.0,107.0,0.0,33.3,33.3,0.0,33.3,0.0,0.0,0.0,0.0,0.0,0.0,0.0,0.0,0.0,0.0,,0,,,,,,0,
266,77,881.0,1234.0,21.4,0.0,8.12,9.2,34.26,0.0,0.0,0.0,0.0,34.83,0.0,0.0,13.59,0.0,0.0,0.0,1373.0,0,,,1373.0,30.0,,0,
267,293,447.0,888.0,72.5,0.0,8.12,9.2,34.26,0.0,0.0,0.0,0.0,34.83,0.0,0.0,13.59,0.0,0.0,0.0,1373.0,0,,,1373.0,30.0,,0,
268,77,987.0,1477.0,52.1,0.0,0.0,0.0,0.0,0.0,0.0,0.0,0.0,0.0,0.0,0.0,0.0,0.0,0.0,0.0,1373.0,0,,,1373.0,30.0,,0,
269,293,551.0,1038.0,54.9,0.0,0.0,0.0,0.0,0.0,0.0,0.0,0.0,0.0,0.0,0.0,0.0,0.0,0.0,0.0,1373.0,0,,,1373.0,30.0,,0,
270,77,2112.0,,11.8,0.0,0.0,0.0,0.0,0.0,0.0,0.0,0.0,0.0,0.0,0.0,0.0,0.0,0.0,0.0,1373.0,0,,,773.0,2.0,,0,
271,293,,,,0.0,0.0,0.0,0.0,0.0,0.0,0.0,0.0,0.0,0.0,0.0,0.0,0.0,0.0,0.0,1373.0,0,,,773.0,2.0,,0,
272,293,640.0,1031.0,55.4,0.0,29.0,29.0,29.0,12.5,0.0,0.0,0.0,0.0,0.0,0.0,0.0,0.0,0.5,0.0,1473.0,0,,,1346.0,1.0,,0,
273,173,1017.0,1410.0,40.6,0.0,29.0,29.0,29.0,12.5,0.0,0.0,0.0,0.0,0.0,0.0,0.0,0.0,0.5,0.0,1473.0,0,,,1346.0,1.0,,0,
274,77,1338.0,1780.0,46.3,0.0,29.0,29.0,29.0,12.5,0.0,0.0,0.0,0.0,0.0,0.0,0.0,0.0,0.5,0.0,1473.0,0,,,1346.0,1.0,,0,
275,298,352.0,1635.0,76.0,0.0,32.37,33.2,0.0,34.43,0.0,0.0,0.0,0.0,0.0,0.0,0.0,0.0,0.0,0.0,,0,,,,,,0,
276,210,476.0,1676.0,75.0,0.0,32.37,33.2,0.0,34.43,0.0,0.0,0.0,0.0,0.0,0.0,0.0,0.0,0.0,0.0,,0,,,,,,0,
277,298,557.0,841.0,66.0,0.0,29.67,37.19,0.0,33.14,0.0,0.0,0.0,0.0,0.0,0.0,0.0,0.0,0.0,0.0,,0,,,,,,0,
278,77,787.0,1237.0,33.0,0.0,29.67,37.19,0.0,33.14,0.0,0.0,0.0,0.0,0.0,0.0,0.0,0.0,0.0,0.0,,0,,,,,,0,
279,298,300.0,773.0,73.0,0.0,29.67,37.19,0.0,33.14,0.0,0.0,0.0,0.0,0.0,0.0,0.0,0.0,0.0,0.0,,0,,,,,,0,
280,77,577.0,1147.0,71.0,0.0,29.67,37.19,0.0,33.14,0.0,0.0,0.0,0.0,0.0,0.0,0.0,0.0,0.0,0.0,,0,,,,,,0,
281,293,155.0,680.0,65.0,0.0,12.5,9.5,65.0,12.5,0.0,0.0,0.0,0.0,0.0,0.0,0.5,0.0,0.0,0.0,,0,,,,,,0,
282,77,375.0,1690.0,27.0,0.0,12.5,9.5,65.0,12.5,0.0,0.0,0.0,0.0,0.0,0.0,0.5,0.0,0.0,0.0,,0,,,,,,0,
283,293,1385.0,1440.0,6.0,0.0,12.5,9.5,65.0,12.5,0.0,0.0,0.0,0.0,0.0,0.0,0.5,0.0,0.0,0.0,,0,,,,,,0,
284,77,1380.0,2070.0,26.0,0.0,12.5,9.5,65.0,12.5,0.0,0.0,0.0,0.0,0.0,0.0,0.5,0.0,0.0,0.0,,0,,,,,,0,
285,298,,636.5,,10.03,10.03,10.03,49.85,10.03,0.0,0.0,0.0,10.03,0.0,0.0,0.0,0.0,0.0,0.0,,0,,,,,,0,
286,77,,716.3,,10.03,10.03,10.03,49.85,10.03,0.0,0.0,0.0,10.03,0.0,0.0,0.0,0.0,0.0,0.0,,0,,,,,,0,
287,298,280.0,650.0,47.0,0.0,24.68,25.3,27.08,20.6,2.35,0.0,0.0,0.0,0.0,0.0,0.0,0.0,0.0,0.0,1473.0,0,,,,,,0,
288,77,400.0,785.0,60.0,0.0,24.68,25.3,27.08,20.6,2.35,0.0,0.0,0.0,0.0,0.0,0.0,0.0,0.0,0.0,1473.0,0,,,,,,0,
289,298,580.0,950.0,27.0,0.0,24.68,25.3,27.08,20.6,2.35,0.0,0.0,0.0,0.0,0.0,0.0,0.0,0.0,0.0,1473.0,0,,,,,1173.0,15.0,
290,77,650.0,990.0,35.0,0.0,24.68,25.3,27.08,20.6,2.35,0.0,0.0,0.0,0.0,0.0,0.0,0.0,0.0,0.0,1473.0,0,,,,,1173.0,15.0,
291,298,720.0,1085.0,30.0,0.0,24.68,25.3,27.08,20.6,2.35,0.0,0.0,0.0,0.0,0.0,0.0,0.0,0.0,0.0,1473.0,0,1173.0,15.0,1173.0,15.0,1173.0,15.0,
292,77,1000.0,1500.0,35.0,0.0,24.68,25.3,27.08,20.6,2.35,0.0,0.0,0.0,0.0,0.0,0.0,0.0,0.0,0.0,1473.0,0,1173.0,15.0,1173.0,15.0,1173.0,15.0,
293,293,,1938.0,,0.0,33.3,33.3,0.0,33.3,0.0,0.0,0.0,0.0,0.0,0.0,0.0,0.0,0.0,0.0,1473.0,0,,,,,,0,
294,77,,2475.0,,0.0,33.3,33.3,0.0,33.3,0.0,0.0,0.0,0.0,0.0,0.0,0.0,0.0,0.0,0.0,1473.0,0,,,,,,0,
295,293,1062.0,1187.0,16.0,0.0,33.3,33.3,0.0,33.3,0.0,0.0,0.0,0.0,0.0,0.0,0.0,0.0,0.0,0.0,1473.0,0,,,,,,0,
296,77,1259.0,1617.0,24.0,0.0,33.3,33.3,0.0,33.3,0.0,0.0,0.0,0.0,0.0,0.0,0.0,0.0,0.0,0.0,1473.0,0,,,,,,0,
297,298,405.0,1050.0,65.0,0.0,33.3,33.3,0.0,33.3,0.0,0.0,0.0,0.0,0.0,0.0,0.0,0.0,0.0,0.0,,0,,,1273.0,2.0,,0,
298,77,645.0,1220.0,64.0,0.0,33.3,33.3,0.0,33.3,0.0,0.0,0.0,0.0,0.0,0.0,0.0,0.0,0.0,0.0,,0,,,1273.0,2.0,,0,
299,298,885.0,1225.0,20.0,0.0,33.3,33.3,0.0,33.3,0.0,0.0,0.0,0.0,0.0,0.0,0.0,0.0,0.0,0.0,,0,,,,,,0,
300,77,1600.0,1680.0,19.0,0.0,33.3,33.3,0.0,33.3,0.0,0.0,0.0,0.0,0.0,0.0,0.0,0.0,0.0,0.0,,0,,,,,,0,
301,298,297.0,539.0,72.0,0.0,10.0,15.0,60.0,15.0,0.0,0.0,0.0,0.0,0.0,0.0,0.0,0.0,0.0,0.0,,0,,,1073.0,10.0,,0,
302,77,555.0,1005.0,89.5,0.0,10.0,15.0,60.0,15.0,0.0,0.0,0.0,0.0,0.0,0.0,0.0,0.0,0.0,0.0,,0,,,1073.0,10.0,,0,
303,298,321.0,557.0,61.0,3.0,7.0,15.0,60.0,15.0,0.0,0.0,0.0,0.0,0.0,0.0,0.0,0.0,0.0,0.0,,0,,,1073.0,10.0,,0,
304,77,598.0,1029.0,81.6,3.0,7.0,15.0,60.0,15.0,0.0,0.0,0.0,0.0,0.0,0.0,0.0,0.0,0.0,0.0,,0,,,1073.0,10.0,,0,
305,298,491.0,690.0,44.0,5.0,5.0,15.0,60.0,15.0,0.0,0.0,0.0,0.0,0.0,0.0,0.0,0.0,0.0,0.0,,0,,,1073.0,10.0,,0,
306,77,781.0,1133.0,71.0,5.0,5.0,15.0,60.0,15.0,0.0,0.0,0.0,0.0,0.0,0.0,0.0,0.0,0.0,0.0,,0,,,1073.0,10.0,,0,
307,298,777.0,957.0,29.0,7.0,3.0,15.0,60.0,15.0,0.0,0.0,0.0,0.0,0.0,0.0,0.0,0.0,0.0,0.0,,0,,,1073.0,10.0,,0,
308,77,1191.0,1469.0,48.0,7.0,3.0,15.0,60.0,15.0,0.0,0.0,0.0,0.0,0.0,0.0,0.0,0.0,0.0,0.0,,0,,,1073.0,10.0,,0,
309,298,900.0,1100.0,32.0,9.0,0.0,15.0,60.0,16.0,0.0,0.0,0.0,0.0,0.0,0.0,0.0,0.0,0.0,0.0,,0,,,1073.0,10.0,,0,
310,77,1300.0,1680.0,39.0,9.0,0.0,15.0,60.0,16.0,0.0,0.0,0.0,0.0,0.0,0.0,0.0,0.0,0.0,0.0,,0,,,1073.0,10.0,,0,
311,77,771.4,,,0.0,20.35,19.25,19.76,20.73,0.0,0.0,0.0,19.91,0.0,0.0,0.0,0.0,0.0,0.0,,0,,,,,,0,
312,173,599.9,,,0.0,20.35,19.25,19.76,20.73,0.0,0.0,0.0,19.91,0.0,0.0,0.0,0.0,0.0,0.0,,0,,,,,,0,
313,223,584.5,,,0.0,20.35,19.25,19.76,20.73,0.0,0.0,0.0,19.91,0.0,0.0,0.0,0.0,0.0,0.0,,0,,,,,,0,
314,298,458.7,,,0.0,20.35,19.25,19.76,20.73,0.0,0.0,0.0,19.91,0.0,0.0,0.0,0.0,0.0,0.0,,0,,,,,,0,
315,923,392.9,,,0.0,20.35,19.25,19.76,20.73,0.0,0.0,0.0,19.91,0.0,0.0,0.0,0.0,0.0,0.0,,0,,,,,,0,
316,1223,82.7,,,0.0,20.35,19.25,19.76,20.73,0.0,0.0,0.0,19.91,0.0,0.0,0.0,0.0,0.0,0.0,,0,,,,,,0,
317,173,762.9,,,0.0,20.35,19.25,19.76,20.73,0.0,0.0,0.0,19.91,0.0,0.0,0.0,0.0,0.0,0.0,,0,,,,,,0,
318,173,741.4,,,0.0,20.35,19.25,19.76,20.73,0.0,0.0,0.0,19.91,0.0,0.0,0.0,0.0,0.0,0.0,,0,,,,,,0,
319,173,685.8,,,0.0,20.35,19.25,19.76,20.73,0.0,0.0,0.0,19.91,0.0,0.0,0.0,0.0,0.0,0.0,,0,,,,,,0,
320,223,489.6,,,0.0,20.35,19.25,19.76,20.73,0.0,0.0,0.0,19.91,0.0,0.0,0.0,0.0,0.0,0.0,,0,,,,,,0,
321,223,506.7,,,0.0,20.35,19.25,19.76,20.73,0.0,0.0,0.0,19.91,0.0,0.0,0.0,0.0,0.0,0.0,,0,,,,,,0,
322,223,877.4,,,0.0,20.35,19.25,19.76,20.73,0.0,0.0,0.0,19.91,0.0,0.0,0.0,0.0,0.0,0.0,,0,,,,,,0,
323,298,832.2,,,0.0,20.35,19.25,19.76,20.73,0.0,0.0,0.0,19.91,0.0,0.0,0.0,0.0,0.0,0.0,,0,,,,,,0,
324,298,747.5,,,0.0,20.35,19.25,19.76,20.73,0.0,0.0,0.0,19.91,0.0,0.0,0.0,0.0,0.0,0.0,,0,,,,,,0,
325,298,571.6,,,0.0,20.35,19.25,19.76,20.73,0.0,0.0,0.0,19.91,0.0,0.0,0.0,0.0,0.0,0.0,,0,,,,,,0,
326,623,640.0,,,0.0,20.35,19.25,19.76,20.73,0.0,0.0,0.0,19.91,0.0,0.0,0.0,0.0,0.0,0.0,,0,,,,,,0,
327,623,1076.3,,,0.0,20.35,19.25,19.76,20.73,0.0,0.0,0.0,19.91,0.0,0.0,0.0,0.0,0.0,0.0,,0,,,,,,0,
328,623,985.1,,,0.0,20.35,19.25,19.76,20.73,0.0,0.0,0.0,19.91,0.0,0.0,0.0,0.0,0.0,0.0,,0,,,,,,0,
329,923,843.7,,,0.0,20.35,19.25,19.76,20.73,0.0,0.0,0.0,19.91,0.0,0.0,0.0,0.0,0.0,0.0,,0,,,,,,0,
330,923,697.9,,,0.0,20.35,19.25,19.76,20.73,0.0,0.0,0.0,19.91,0.0,0.0,0.0,0.0,0.0,0.0,,0,,,,,,0,
331,923,682.5,,,0.0,20.35,19.25,19.76,20.73,0.0,0.0,0.0,19.91,0.0,0.0,0.0,0.0,0.0,0.0,,0,,,,,,0,
332,77,,1700.0,51.0,6.0,30.0,15.0,13.0,30.0,6.0,0.0,0.0,0.0,0.0,0.0,0.0,0.0,0.0,0.0,1423.0,0,1423.0,2.0,1073.0,4.0,,0,
333,293,925.0,1310.0,43.0,6.0,30.0,15.0,13.0,30.0,6.0,0.0,0.0,0.0,0.0,0.0,0.0,0.0,0.0,0.0,1423.0,0,1423.0,2.0,1073.0,4.0,,0,
334,293,376.0,767.0,52.5,0.0,24.95,24.95,24.95,24.95,0.0,0.0,0.0,0.0,0.0,0.2,0.0,0.0,0.0,0.0,,0,,,,,,0,
335,77,637.0,1212.0,71.2,0.0,24.95,24.95,24.95,24.95,0.0,0.0,0.0,0.0,0.0,0.2,0.0,0.0,0.0,0.0,,0,,,,,,0,
336,15,710.0,1423.0,41.8,0.0,24.95,24.95,24.95,24.95,0.0,0.0,0.0,0.0,0.0,0.2,0.0,0.0,0.0,0.0,,0,,,,,,0,
337,77,1494.0,1557.0,,0.0,0.0,0.0,0.0,0.0,32.93,0.2,0.0,0.0,0.0,0.0,0.0,0.0,0.0,1.0,,0,,,,,,0,
338,77,950.0,1498.0,,0.0,0.0,0.0,0.0,0.0,33.13,0.2,0.0,0.0,0.0,0.0,0.0,0.0,0.0,0.4,,0,,,,,,0,
339,77,886.0,1500.0,,0.0,0.0,0.0,0.0,0.0,33.17,0.2,0.0,0.0,0.0,0.0,0.0,0.0,0.0,0.3,,0,,,,,,0,
340,298,339.0,684.0,47.0,0.0,10.0,10.0,45.0,25.0,0.0,0.0,10.0,0.0,0.0,0.0,0.0,10.0,0.0,0.0,1373.0,0,,,1173.0,10.0,,0,
341,77,468.0,996.0,69.4,0.0,10.0,10.0,45.0,25.0,0.0,0.0,10.0,0.0,0.0,0.0,0.0,10.0,0.0,0.0,1373.0,0,,,1173.0,10.0,,0,
342,298,345.0,689.0,52.6,0.0,20.0,10.0,45.0,15.0,0.0,0.0,10.0,0.0,0.0,0.0,0.0,10.0,0.0,0.0,1373.0,0,,,1173.0,10.0,,0,
343,77,533.0,1092.0,76.3,0.0,20.0,10.0,45.0,15.0,0.0,0.0,10.0,0.0,0.0,0.0,0.0,10.0,0.0,0.0,1373.0,0,,,1173.0,10.0,,0,
344,298,348.0,714.0,62.0,0.0,30.0,10.0,45.0,5.0,0.0,0.0,10.0,0.0,0.0,0.0,0.0,10.0,0.0,0.0,1373.0,0,,,1173.0,10.0,,0,
345,77,601.0,1291.0,81.7,0.0,30.0,10.0,45.0,5.0,0.0,0.0,10.0,0.0,0.0,0.0,0.0,10.0,0.0,0.0,1373.0,0,,,1173.0,10.0,,0,
346,298,427.0,745.0,70.1,0.0,35.0,10.0,45.0,0.0,0.0,0.0,10.0,0.0,0.0,0.0,0.0,10.0,0.0,0.0,1373.0,0,,,1173.0,10.0,,0,
347,77,653.0,1623.0,65.0,0.0,35.0,10.0,45.0,0.0,0.0,0.0,10.0,0.0,0.0,0.0,0.0,10.0,0.0,0.0,1373.0,0,,,1173.0,10.0,,0,
348,298,536.0,,,15.0,0.0,0.0,0.0,0.0,70.0,0.0,15.0,0.0,0.0,0.0,0.0,15.0,0.0,0.0,,0,,,,,,0,
349,77,895.0,,,15.0,0.0,0.0,0.0,0.0,70.0,0.0,15.0,0.0,0.0,0.0,0.0,15.0,0.0,0.0,,0,,,,,,0,
350,298,657.0,,10.0,10.0,0.0,0.0,0.0,0.0,80.0,0.0,10.0,0.0,0.0,0.0,0.0,10.0,0.0,0.0,,0,,,,,,0,
351,77,812.0,,9.0,10.0,0.0,0.0,0.0,0.0,80.0,0.0,10.0,0.0,0.0,0.0,0.0,10.0,0.0,0.0,,0,,,,,,0,
352,298,480.0,900.0,58.0,3.11,32.13,31.29,0.0,30.54,0.0,0.0,0.0,0.0,0.0,0.0,0.0,0.0,0.0,0.0,1373.0,0,,,1173.0,1.0,,0,
353,77,700.0,1250.0,72.0,3.11,32.13,31.29,0.0,30.54,0.0,0.0,0.0,0.0,0.0,0.0,0.0,0.0,0.0,0.0,1373.0,0,,,1173.0,1.0,,0,
354,293,560.0,640.0,37.0,0.0,12.1,11.3,64.5,11.6,0.0,0.0,0.0,0.0,0.0,0.0,0.52,0.0,0.0,0.0,,0,,,,,,0,
355,77,680.0,1800.0,26.0,0.0,12.1,11.3,64.5,11.6,0.0,0.0,0.0,0.0,0.0,0.0,0.52,0.0,0.0,0.0,,0,,,,,,0,
356,113,500.0,1700.0,60.0,0.0,19.73,19.89,20.14,20.04,0.0,0.0,0.0,20.2,0.0,0.0,0.0,0.0,0.0,0.0,1473.0,0,,,1223.0,1.0,,0,
357,77,,2100.0,70.0,0.0,19.73,19.89,20.14,20.04,0.0,0.0,0.0,20.2,0.0,0.0,0.0,0.0,0.0,0.0,1473.0,0,,,1223.0,1.0,,0,
358,77,685.0,1415.0,78.45,0.0,37.6,28.2,0.0,28.2,0.0,0.0,0.0,0.0,0.0,6.0,0.0,0.0,0.0,0.0,1473.0,0,,,1273.0,1.0,,0,
359,77.0,1477.0,1930.0,27.0,0.0,0.0,0.0,0.0,0.0,0.0,33.4,33.3,0.0,0.0,0.0,0.0,33.3,0.0,33.3,,0,,,,,,0,
360,298,358.0,746.0,61.0,0.0,24.0,26.0,27.0,23.0,0.0,0.0,0.0,0.0,0.0,0.0,0.0,0.0,0.0,0.0,1473.0,0,,,1123.0,1.0,,0,
361,123,578.0,1211.0,87.2,0.0,24.0,26.0,27.0,23.0,0.0,0.0,0.0,0.0,0.0,0.0,0.0,0.0,0.0,0.0,1473.0,0,,,1123.0,1.0,,0,
362,293,212.0,565.0,73.0,0.0,20.0,26.0,20.0,14.0,0.0,0.0,0.0,20.0,0.0,0.0,0.0,0.0,0.0,0.0,,0,,,,,,0,
363,77,546.0,830.0,27.0,0.0,20.0,26.0,20.0,14.0,0.0,0.0,0.0,20.0,0.0,0.0,0.0,0.0,0.0,0.0,,0,,,,,,0,
364,173,,1238.0,44.0,18.12,16.01,16.11,16.07,33.69,0.0,0.0,0.0,0.0,0.0,0.0,0.0,0.0,0.0,0.0,,0,,,,,,0,
365,298,,964.0,,18.12,16.01,16.11,16.07,33.69,0.0,0.0,0.0,0.0,0.0,0.0,0.0,0.0,0.0,0.0,,0,,,,,,0,
366,923,,455.0,,18.12,16.01,16.11,16.07,33.69,0.0,0.0,0.0,0.0,0.0,0.0,0.0,0.0,0.0,0.0,,0,,,,,,0,
367,1023,,278.0,,18.12,16.01,16.11,16.07,33.69,0.0,0.0,0.0,0.0,0.0,0.0,0.0,0.0,0.0,0.0,,0,,,,,,0,
368,1123,,156.0,,18.12,16.01,16.11,16.07,33.69,0.0,0.0,0.0,0.0,0.0,0.0,0.0,0.0,0.0,0.0,,0,,,,,,0,
369,293,,1560.0,,0.0,0.0,0.0,0.0,0.0,33.17,0.0,0.0,0.0,0.5,0.0,0.0,0.0,0.0,0.0,,0,,,,,,0,
370,273,,1640.0,,0.0,0.0,0.0,0.0,0.0,33.17,0.0,0.0,0.0,0.5,0.0,0.0,0.0,0.0,0.0,,0,,,,,,0,
371,253,,1790.0,,0.0,0.0,0.0,0.0,0.0,33.17,0.0,0.0,0.0,0.5,0.0,0.0,0.0,0.0,0.0,,0,,,,,,0,
372,233,,1770.0,,0.0,0.0,0.0,0.0,0.0,33.17,0.0,0.0,0.0,0.5,0.0,0.0,0.0,0.0,0.0,,0,,,,,,0,
373,213,,1640.0,,0.0,0.0,0.0,0.0,0.0,33.17,0.0,0.0,0.0,0.5,0.0,0.0,0.0,0.0,0.0,,0,,,,,,0,
374,298,248.2,552.4,69.98,0.0,15.0,10.0,60.0,15.0,0.0,0.0,0.0,0.0,0.0,0.0,0.0,0.0,0.0,0.0,1373.0,0,,,1073.0,10.0,,0,
375,298,575.1,679.5,54.9,0.0,15.0,10.0,60.0,15.0,0.0,0.0,0.0,0.0,0.0,0.0,0.0,0.0,0.0,0.0,1373.0,0,,,,,,0,
376,77,532.0,1436.5,54.2,0.0,15.0,10.0,60.0,15.0,0.0,0.0,0.0,0.0,0.0,0.0,0.0,0.0,0.0,0.0,1373.0,0,,,1073.0,10.0,,0,
377,77,701.0,1540.9,43.0,0.0,15.0,10.0,60.0,15.0,0.0,0.0,0.0,0.0,0.0,0.0,0.0,0.0,0.0,0.0,1373.0,0,,,,,,0,
378,293,250.0,705.0,45.0,10.0,0.0,15.0,35.0,25.0,0.0,0.0,0.0,15.0,0.0,0.0,0.0,0.0,0.0,0.0,1473.0,0,,,1473.0,10.0,,0,
379,77,360.0,860.0,65.0,10.0,0.0,15.0,35.0,25.0,0.0,0.0,0.0,15.0,0.0,0.0,0.0,0.0,0.0,0.0,1473.0,0,,,1473.0,10.0,,0,
380,293,860.0,1260.0,9.0,10.0,0.0,15.0,35.0,25.0,0.0,0.0,0.0,15.0,0.0,0.0,0.0,0.0,0.0,0.0,1473.0,0,,,1473.0,10.0,973.0,10.0,
381,77,1000.0,1455.0,9.0,10.0,0.0,15.0,35.0,25.0,0.0,0.0,0.0,15.0,0.0,0.0,0.0,0.0,0.0,0.0,1473.0,0,,,1473.0,10.0,973.0,10.0,
382,300,526.0,740.0,8.3,0.0,25.19,24.79,24.95,25.07,0.0,0.0,0.0,0.0,0.0,0.0,0.0,0.0,0.0,0.0,,0,,,,,,0,
383,300,655.0,872.0,15.9,0.0,25.19,24.79,24.95,25.07,0.0,0.0,0.0,0.0,0.0,0.0,0.0,0.0,0.0,0.0,,0,,,,,,0,
384,300,737.0,1013.0,21.0,0.0,25.19,24.79,24.95,25.07,0.0,0.0,0.0,0.0,0.0,0.0,0.0,0.0,0.0,0.0,,0,,,,,,0,
385,77,699.0,809.0,8.4,0.0,25.19,24.79,24.95,25.07,0.0,0.0,0.0,0.0,0.0,0.0,0.0,0.0,0.0,0.0,,0,,,,,,0,
386,77,727.0,981.0,16.3,0.0,25.19,24.79,24.95,25.07,0.0,0.0,0.0,0.0,0.0,0.0,0.0,0.0,0.0,0.0,,0,,,,,,0,
387,77,790.0,1027.0,22.8,0.0,25.19,24.79,24.95,25.07,0.0,0.0,0.0,0.0,0.0,0.0,0.0,0.0,0.0,0.0,,0,,,,,,0,
388,77,531.0,1079.0,95.5,7.5,20.5,24.0,24.0,24.0,0.0,0.0,0.0,0.0,0.0,0.0,0.0,0.0,0.0,0.0,1473.0,0,,,1473.0,25.0,,0,
389,77,673.0,1218.0,82.7,7.5,20.5,24.0,24.0,24.0,0.0,0.0,0.0,0.0,0.0,0.0,0.0,0.0,0.0,0.0,1473.0,0,,,1473.0,25.0,973.0,2.0,
390,77,858.0,1382.0,58.6,7.5,20.5,24.0,24.0,24.0,0.0,0.0,0.0,0.0,0.0,0.0,0.0,0.0,0.0,0.0,1473.0,0,1373.0,20.0,1373.0,20.0,,0,
391,77,1109.0,1609.0,43.2,7.5,20.5,24.0,24.0,24.0,0.0,0.0,0.0,0.0,0.0,0.0,0.0,0.0,0.0,0.0,1473.0,0,1373.0,20.0,1373.0,20.0,973.0,2.0,
392,77,1841.0,1984.0,10.4,7.5,20.5,24.0,24.0,24.0,0.0,0.0,0.0,0.0,0.0,0.0,0.0,0.0,0.0,0.0,1473.0,0,,,,,973.0,2.0,
393,293,1282.0,1317.0,5.1,7.5,20.5,24.0,24.0,24.0,0.0,0.0,0.0,0.0,0.0,0.0,0.0,0.0,0.0,0.0,1473.0,0,,,,,,0,
394,293,301.0,720.0,47.1,7.5,20.5,24.0,24.0,24.0,0.0,0.0,0.0,0.0,0.0,0.0,0.0,0.0,0.0,0.0,1473.0,0,,,1473.0,25.0,,0,
395,293,381.0,739.0,38.8,7.5,20.5,24.0,24.0,24.0,0.0,0.0,0.0,0.0,0.0,0.0,0.0,0.0,0.0,0.0,1473.0,0,,,1473.0,25.0,973.0,2.0,
396,293,717.0,959.0,34.3,7.5,20.5,24.0,24.0,24.0,0.0,0.0,0.0,0.0,0.0,0.0,0.0,0.0,0.0,0.0,1473.0,0,1373.0,20.0,1373.0,20.0,,0,
397,293,850.0,1086.0,31.2,7.5,20.5,24.0,24.0,24.0,0.0,0.0,0.0,0.0,0.0,0.0,0.0,0.0,0.0,0.0,1473.0,0,1373.0,20.0,1373.0,20.0,973.0,2.0,
398,293,1342.0,1403.0,5.8,7.5,20.5,24.0,24.0,24.0,0.0,0.0,0.0,0.0,0.0,0.0,0.0,0.0,0.0,0.0,1473.0,0,,,,,973.0,2.0,
399,77,945.0,1090.0,29.0,5.64,0.0,0.0,0.0,0.0,90.99,0.0,0.0,0.0,0.0,1.59,0.0,0.0,0.0,0.0,,0,,,1223.0,1.0,,0,
400,77,990.0,1120.0,25.0,5.64,0.0,0.0,0.0,0.0,90.99,0.0,0.0,0.0,0.0,1.59,0.0,0.0,0.0,0.0,,0,,,1223.0,1.0,,0,
401,77,1040.0,1140.0,22.0,5.64,0.0,0.0,0.0,0.0,90.99,0.0,0.0,0.0,0.0,1.59,0.0,0.0,0.0,0.0,,0,,,1223.0,1.0,,0,
402,20,1160.0,1410.0,20.0,5.64,0.0,0.0,0.0,0.0,90.99,0.0,0.0,0.0,0.0,1.59,0.0,0.0,0.0,0.0,,0,,,1223.0,1.0,,0,
403,20,1190.0,1460.0,16.5,5.64,0.0,0.0,0.0,0.0,90.99,0.0,0.0,0.0,0.0,1.59,0.0,0.0,0.0,0.0,,0,,,1223.0,1.0,,0,
404,20,1225.0,1320.0,15.7,5.64,0.0,0.0,0.0,0.0,90.99,0.0,0.0,0.0,0.0,1.59,0.0,0.0,0.0,0.0,,0,,,1223.0,1.0,,0,
405,298,691.0,926.0,38.0,0.0,32.6,35.0,0.0,31.9,0.0,0.0,0.0,0.0,0.0,0.0,0.05,0.0,0.0,0.0,,0,,,,,,0,
406,77,944.0,1382.0,30.0,0.0,32.6,35.0,0.0,31.9,0.0,0.0,0.0,0.0,0.0,0.0,0.05,0.0,0.0,0.0,,0,,,,,,0,
407,298,421.1,883.4,48.6,0.0,31.67,31.67,0.0,31.67,0.0,0.0,4.99,0.0,0.0,0.0,0.0,4.99,0.0,0.0,1473.0,0,,,,,,0,
408,93,598.2,1015.3,54.8,0.0,31.67,31.67,0.0,31.67,0.0,0.0,4.99,0.0,0.0,0.0,0.0,4.99,0.0,0.0,1473.0,0,,,,,,0,
409,298,449.1,881.3,64.4,0.0,31.67,31.67,0.0,31.67,0.0,0.0,4.99,0.0,0.0,0.0,0.0,4.99,0.0,0.0,1473.0,0,,,973.0,1.0,,0,
410,93,668.5,1237.9,71.1,0.0,31.67,31.67,0.0,31.67,0.0,0.0,4.99,0.0,0.0,0.0,0.0,4.99,0.0,0.0,1473.0,0,,,973.0,1.0,,0,
411,298,436.2,692.8,37.6,0.0,33.3,33.3,0.0,33.4,0.0,0.0,0.0,0.0,0.0,0.0,0.0,0.0,0.0,0.0,,0,,,,,,0,
412,77,665.3,988.6,40.4,0.0,33.3,33.3,0.0,33.4,0.0,0.0,0.0,0.0,0.0,0.0,0.0,0.0,0.0,0.0,,0,,,,,,0,
413,298,503.7,741.4,41.5,0.0,33.3,33.3,0.0,33.4,0.0,0.0,0.0,0.0,0.0,0.0,0.0,0.0,0.0,0.0,,0,,,,,,0,
414,77,790.5,1218.6,47.2,0.0,33.3,33.3,0.0,33.4,0.0,0.0,0.0,0.0,0.0,0.0,0.0,0.0,0.0,0.0,,0,,,,,,0,
415,293,600.0,1066.0,,0.0,25.0,25.0,25.0,25.0,0.0,0.0,0.0,0.0,0.0,0.0,0.0,0.0,0.0,0.0,1473.0,0,,,1173.0,1.0,,0,
416,150,1010.0,1454.0,,0.0,25.0,25.0,25.0,25.0,0.0,0.0,0.0,0.0,0.0,0.0,0.0,0.0,0.0,0.0,1473.0,0,,,1173.0,1.0,,0,
