ID,composition,Al(at%),C(at%),Co(at%),Cr(at%),Fe(at%),Mn(at%),Mo(at%),N(at%),Nb(at%),Ni(at%),Si(at%),Ti(at%),V(at%),W(at%),yield strength
1,Fe0.620C0.000953Mn0.000521Si0.00102Cr0.000110Ni0.192Mo0.0176V0.000112Nb0.0000616Co0.146Al0.00318Ti0.0185,0.318,0.0953,14.6,0.011000000000000001,62.0,0.0521,1.76,0.0,0.0061600000000000005,19.2,0.10200000000000001,1.8499999999999999,0.0112,0.0,2411.5
2,Fe0.623C0.00854Mn0.000104Si0.000203Cr0.147Ni0.0000971Mo0.0179V0.00515N0.00163Nb0.0000614Co0.188W0.00729Al0.000845,0.0845,0.8540000000000001,18.8,14.7,62.3,0.0104,1.79,0.163,0.0061400000000000005,0.00971,0.0203,0.0,0.515,0.729,1123.1
3,Fe0.625Mn0.000102Si0.000200Cr0.0936Ni0.129Mo0.00480V0.000110Nb0.0000604Co0.132Al0.00812Ti0.00669,0.812,0.0,13.200000000000001,9.36,62.5,0.0102,0.48,0.0,0.006039999999999999,12.9,0.02,0.6689999999999999,0.011000000000000001,0.0,1736.3
4,Fe0.634C0.000478Mn0.000523Si0.00102Cr0.000111Ni0.173Mo0.0237V0.000113Nb0.0000619Co0.146Al0.00277Ti0.0176,0.27699999999999997,0.0478,14.6,0.0111,63.4,0.0523,2.37,0.0,0.00619,17.299999999999997,0.10200000000000001,1.76,0.0113,0.0,2487.3
5,Fe0.636C0.000474Mn0.000518Si0.00101Cr0.000109Ni0.188Mo0.00860V0.000112Nb0.0000612Co0.144Al0.00274Ti0.0184,0.27399999999999997,0.0474,14.399999999999999,0.0109,63.6,0.0518,0.86,0.0,0.00612,18.8,0.101,1.8399999999999999,0.0112,0.0,2249.6
6,Fe0.636C0.00881Mn0.000203Si0.00972Cr0.135Ni0.00892Mo0.0114V0.000109Nb0.0000600Co0.190Al0.000620,0.062,0.881,19.0,13.5,63.6,0.0203,1.1400000000000001,0.0,0.006,0.8920000000000001,0.972,0.0,0.0109,0.0,1328.3
7,Fe0.644Mn0.000521Si0.00102Cr0.000110Ni0.177Mo0.0215V0.000112Nb0.0000617Co0.126Al0.00234Ti0.0269,0.234,0.0,12.6,0.011000000000000001,64.4,0.0521,2.15,0.0,0.006169999999999999,17.7,0.10200000000000001,2.69,0.0112,0.0,2501.1
8,Fe0.646C0.00479Mn0.00597Si0.00492Cr0.135Ni0.0000980Mo0.0534V0.000113N0.000821Nb0.0000619Co0.148Al0.000640,0.064,0.479,14.799999999999999,13.5,64.60000000000001,0.597,5.34,0.0821,0.00619,0.0098,0.492,0.0,0.0113,0.0,1228.9
9,Fe0.648C0.000453Mn0.0000991Si0.0386Cr0.183Ni0.0195Mo0.000113V0.000107Nb0.0000586Co0.109Al0.000605Ti0.000569,0.0605,0.0453,10.9,18.3,64.8,0.00991,0.0113,0.0,0.00586,1.95,3.8600000000000003,0.05689999999999999,0.0107,0.0,1088.6
10,Fe0.648C0.00751Mn0.000103Si0.000201Cr0.158Ni0.0000961Mo0.0288V0.00531N0.00201Nb0.0000607Co0.149Al0.000836,0.08360000000000001,0.751,14.899999999999999,15.8,64.8,0.0103,2.88,0.201,0.00607,0.00961,0.0201,0.0,0.5309999999999999,0.0,1502.0
11,Fe0.650C0.000477Mn0.000522Si0.00102Cr0.000110Ni0.176Mo0.0215V0.000113Nb0.0000617Co0.126Al0.00170Ti0.0225,0.16999999999999998,0.0477,12.6,0.011000000000000001,65.0,0.0522,2.15,0.0,0.006169999999999999,17.599999999999998,0.10200000000000001,2.25,0.0113,0.0,2411.5
12,Fe0.652Mn0.000522Si0.00102Cr0.000110Ni0.177Mo0.0209V0.000113Nb0.0000617Co0.126Al0.00212Ti0.0194,0.212,0.0,12.6,0.011000000000000001,65.2,0.0522,2.09,0.0,0.006169999999999999,17.7,0.10200000000000001,1.94,0.0113,0.0,2331.1
13,Fe0.655C0.00752Mn0.000103Si0.000201Cr0.147Ni0.0000961Mo0.0276V0.00443N0.00161Nb0.0000607Co0.155Al0.000836,0.08360000000000001,0.752,15.5,14.7,65.5,0.0103,2.76,0.161,0.00607,0.00961,0.0201,0.0,0.443,0.0,1274.7
14,Fe0.655Mn0.000522Si0.00102Cr0.000110Ni0.176Mo0.0215V0.00563Nb0.0000617Co0.117Al0.000425Ti0.0228,0.042499999999999996,0.0,11.700000000000001,0.011000000000000001,65.5,0.0522,2.15,0.0,0.006169999999999999,17.599999999999998,0.10200000000000001,2.2800000000000002,0.563,0.0,2402.3
15,Fe0.656C0.00758Mn0.000104Si0.000203Cr0.156Ni0.0000970Mo0.0424V0.00458N0.00122Nb0.0000613Co0.131Al0.000844,0.0844,0.758,13.100000000000001,15.6,65.60000000000001,0.0104,4.24,0.122,0.00613,0.0097,0.0203,0.0,0.45799999999999996,0.0,1460.7
16,Fe0.656C0.00930Mn0.000102Si0.000199Cr0.152Ni0.00875Mo0.0116V0.000110Nb0.000481Co0.161Al0.000621,0.0621,0.9299999999999999,16.1,15.2,65.60000000000001,0.0102,1.16,0.0,0.0481,0.8750000000000001,0.0199,0.0,0.011000000000000001,0.0,1243.4
17,Fe0.657C0.000954Mn0.000522Si0.00102Cr0.000110Ni0.166Mo0.0243V0.00776Nb0.0000617Co0.120Al0.00340Ti0.0189,0.33999999999999997,0.0954,12.0,0.011000000000000001,65.7,0.0522,2.4299999999999997,0.0,0.006169999999999999,16.6,0.10200000000000001,1.8900000000000001,0.776,0.0,2381.6
18,Fe0.659C0.00747Mn0.000102Si0.0134Cr0.156Ni0.0000955Mo0.0297V0.00451N0.000800Nb0.0000603Co0.128Al0.000831,0.08310000000000001,0.747,12.8,15.6,65.9,0.0102,2.97,0.08,0.006030000000000001,0.009550000000000001,1.34,0.0,0.451,0.0,1412.5
19,Fe0.660C0.000484Mn0.000106Si0.000207Cr0.000112Ni0.148Mo0.0364V0.000114Nb0.0000625Co0.146Al0.000646Ti0.00752,0.0646,0.0484,14.6,0.0112,66.0,0.0106,3.64,0.0,0.00625,14.799999999999999,0.0207,0.752,0.0114,0.0,1603.3
20,Fe0.661C0.000454Mn0.0000993Si0.0375Cr0.164Ni0.0381Mo0.000114V0.000107Nb0.0000587Co0.0972Al0.000606Ti0.000684,0.0606,0.045399999999999996,9.719999999999999,16.400000000000002,66.10000000000001,0.00993,0.0114,0.0,0.005869999999999999,3.81,3.75,0.0684,0.0107,0.0,1185.1
21,Fe0.661C0.000475Mn0.000520Si0.00102Cr0.000110Ni0.170Mo0.0247V0.000112Nb0.0000615Co0.111Al0.0131Ti0.0177,1.31,0.0475,11.1,0.011000000000000001,66.10000000000001,0.052,2.4699999999999998,0.0,0.00615,17.0,0.10200000000000001,1.77,0.0112,0.0,2510.3
22,Fe0.662C0.000477Mn0.000521Si0.00102Cr0.000110Ni0.168Mo0.0236V0.000112Nb0.0000616Co0.119Al0.00488Ti0.0213,0.488,0.0477,11.899999999999999,0.011000000000000001,66.2,0.0521,2.36,0.0,0.0061600000000000005,16.8,0.10200000000000001,2.13,0.0112,0.0,2372.4
23,Fe0.663C0.00329Mn0.000103Si0.000201Cr0.169Ni0.0000963Mo0.0294V0.00455N0.00121Nb0.0000608Co0.129Al0.000629,0.0629,0.329,12.9,16.900000000000002,66.3,0.0103,2.94,0.121,0.00608,0.00963,0.0201,0.0,0.455,0.0,1312.6
24,Fe0.664C0.00751Mn0.00575Si0.000201Cr0.157Ni0.0000961Mo0.0301V0.00454N0.00121Nb0.0000607Co0.128Al0.00105,0.105,0.751,12.8,15.7,66.4,0.575,3.01,0.121,0.00607,0.00961,0.0201,0.0,0.45399999999999996,0.0,1350.4
25,Fe0.664C0.00754Mn0.000103Si0.000604Cr0.152Ni0.0105Mo0.0292V0.000111Nb0.00164Co0.134Al0.000629,0.0629,0.754,13.4,15.2,66.4,0.0103,2.92,0.0,0.164,1.05,0.0604,0.0,0.0111,0.0,1169.4
26,Fe0.664C0.00926Mn0.000101Si0.0101Cr0.134Ni0.00900Mo0.0114V0.000109Nb0.000479Co0.161Al0.000618,0.061799999999999994,0.9259999999999999,16.1,13.4,66.4,0.0101,1.1400000000000001,0.0,0.0479,0.8999999999999999,1.01,0.0,0.0109,0.0,1322.1
27,Fe0.665C0.000468Mn0.000102Si0.000200Cr0.121Ni0.0768Mo0.0293V0.000110Nb0.0000606Co0.0823Al0.0254Ti0.000118,2.54,0.0468,8.23,12.1,66.5,0.0102,2.93,0.0,0.00606,7.68,0.02,0.0118,0.011000000000000001,0.0,1870.6
28,Fe0.666C0.000482Mn0.000105Si0.000206Cr0.000111Ni0.149Mo0.0308V0.000114Nb0.0000623Co0.150Al0.000644Ti0.00242,0.0644,0.0482,15.0,0.0111,66.60000000000001,0.0105,3.08,0.0,0.006229999999999999,14.899999999999999,0.0206,0.242,0.0114,0.0,1580.0
29,Fe0.666C0.00702Mn0.000102Si0.000200Cr0.157Ni0.0000958Mo0.0296V0.00508N0.00602Nb0.0000605Co0.129Al0.00104,0.104,0.7020000000000001,12.9,15.7,66.60000000000001,0.0102,2.96,0.602,0.00605,0.00958,0.02,0.0,0.508,0.0,1164.4
30,Fe0.666C0.00751Mn0.000103Si0.000201Cr0.155Ni0.0000960Mo0.0299V0.00963N0.00161Nb0.0000607Co0.129Al0.00104,0.104,0.751,12.9,15.5,66.60000000000001,0.0103,2.9899999999999998,0.161,0.00607,0.009600000000000001,0.0201,0.0,0.963,0.0,1550.3
31,Fe0.667C0.000477Mn0.000522Si0.00102Cr0.000110Ni0.171Mo0.0233V0.000113Nb0.0000617Co0.115Al0.00361Ti0.0184,0.361,0.0477,11.5,0.011000000000000001,66.7,0.0522,2.33,0.0,0.006169999999999999,17.1,0.10200000000000001,1.8399999999999999,0.0113,0.0,2381.6
32,Fe0.667C0.00984Mn0.000102Si0.000200Cr0.158Ni0.0000959Mo0.0295V0.00453N0.000804Nb0.0000606Co0.129Al0.00104,0.104,0.984,12.9,15.8,66.7,0.0102,2.9499999999999997,0.0804,0.00606,0.00959,0.02,0.0,0.453,0.0,1405.6
33,Fe0.667C0.00984Mn0.000102Si0.000200Cr0.158Ni0.0000959Mo0.0295V0.00508N0.000804Nb0.0000606Co0.128Al0.00104,0.104,0.984,12.8,15.8,66.7,0.0102,2.9499999999999997,0.0804,0.00606,0.00959,0.02,0.0,0.508,0.0,1529.6
34,Fe0.668C0.000469Mn0.000102Si0.000200Cr0.119Ni0.0764Mo0.0293V0.000110Nb0.0000606Co0.0817Al0.0252Ti0.000118,2.52,0.046900000000000004,8.17,11.899999999999999,66.8,0.0102,2.93,0.0,0.00606,7.64,0.02,0.0118,0.011000000000000001,0.0,1825.8
35,Fe0.668C0.00972Mn0.00435Si0.00990Cr0.134Ni0.0112Mo0.0119V0.000109Nb0.0000598Co0.150Al0.000618,0.061799999999999994,0.972,15.0,13.4,66.8,0.43499999999999994,1.1900000000000002,0.0,0.00598,1.1199999999999999,0.9900000000000001,0.0,0.0109,0.0,1352.2
36,Fe0.668Mn0.000102Si0.000200Cr0.119Ni0.0767Mo0.0292V0.000111Nb0.0000606Co0.0813Al0.0248Ti0.000235,2.48,0.0,8.129999999999999,11.899999999999999,66.8,0.0102,2.92,0.0,0.00606,7.670000000000001,0.02,0.0235,0.0111,0.0,1837.9
37,Fe0.669C0.00331Mn0.00590Si0.00648Cr0.129Ni0.0000969Mo0.0375V0.000112N0.00203Nb0.0000612Co0.147Al0.000632,0.06319999999999999,0.331,14.7,12.9,66.9,0.59,3.75,0.203,0.00612,0.009689999999999999,0.6479999999999999,0.0,0.0112,0.0,1133.4
38,Fe0.669C0.00929Mn0.000102Si0.000596Cr0.151Ni0.0000950Mo0.0115V0.000110Nb0.000480Co0.157Al0.000620,0.062,0.9289999999999999,15.7,15.1,66.9,0.0102,1.15,0.0,0.048,0.0095,0.05959999999999999,0.0,0.011000000000000001,0.0,1358.2
39,Fe0.669C0.00957Mn0.0000996Si0.0388Cr0.132Ni0.00876Mo0.0113V0.000107Nb0.000471Co0.129Al0.000608,0.06080000000000001,0.9570000000000001,12.9,13.200000000000001,66.9,0.00996,1.13,0.0,0.0471,0.876,3.88,0.0,0.0107,0.0,1354.2
40,Fe0.670C0.00439Mn0.00704Si0.00563Cr0.138Ni0.0000999Mo0.000122V0.000115N0.00126Nb0.0000631Co0.147W0.0255Al0.000652,0.06520000000000001,0.439,14.7,13.8,67.0,0.7040000000000001,0.012199999999999999,0.126,0.0063100000000000005,0.00999,0.563,0.0,0.0115,2.55,1081.1
41,Fe0.670C0.00564Mn0.000103Si0.000201Cr0.158Ni0.0000963Mo0.0300V0.00477N0.00121Nb0.0000608Co0.129Al0.000628,0.0628,0.5640000000000001,12.9,15.8,67.0,0.0103,3.0,0.121,0.00608,0.00963,0.0201,0.0,0.477,0.0,1515.8
42,Fe0.670C0.00798Mn0.000103Si0.000201Cr0.155Ni0.0000961Mo0.0299V0.00454N0.00121Nb0.0000607Co0.131Al0.000627,0.06269999999999999,0.7979999999999999,13.100000000000001,15.5,67.0,0.0103,2.9899999999999998,0.121,0.00607,0.00961,0.0201,0.0,0.45399999999999996,0.0,1502.0
43,Fe0.671C0.000470Mn0.000514Si0.00100Cr0.000109Ni0.141Mo0.00882V0.000111Nb0.0000607Co0.147Al0.0159Ti0.0137,1.59,0.047,14.7,0.0109,67.10000000000001,0.0514,0.882,0.0,0.00607,14.099999999999998,0.1,1.37,0.0111,0.0,2157.3
44,Fe0.671C0.00189Mn0.00569Si0.00547Cr0.134Ni0.0000969Mo0.0347V0.000112N0.00122Nb0.0000612Co0.145Al0.000632,0.06319999999999999,0.189,14.499999999999998,13.4,67.10000000000001,0.569,3.47,0.122,0.00612,0.009689999999999999,0.547,0.0,0.0112,0.0,1287.4
45,Fe0.671C0.00376Mn0.000103Si0.000201Cr0.157Ni0.0000962Mo0.0294V0.00510N0.00282Nb0.0000608Co0.130Al0.000628,0.0628,0.376,13.0,15.7,67.10000000000001,0.0103,2.94,0.28200000000000003,0.00608,0.00962,0.0201,0.0,0.51,0.0,1311.4
46,Fe0.671C0.00925Mn0.00516Si0.0103Cr0.135Ni0.00965Mo0.0115V0.000109Nb0.0000598Co0.147Al0.000618,0.061799999999999994,0.9249999999999999,14.7,13.5,67.10000000000001,0.516,1.15,0.0,0.00598,0.9650000000000001,1.03,0.0,0.0109,0.0,1245.4
47,Fe0.672C0.00473Mn0.00527Si0.00647Cr0.131Ni0.0000968Mo0.0373V0.000111N0.00162Nb0.0000611Co0.141Al0.000631,0.0631,0.473,14.099999999999998,13.100000000000001,67.2,0.527,3.73,0.16199999999999998,0.006109999999999999,0.00968,0.647,0.0,0.0111,0.0,1155.0
48,Fe0.672C0.00564Mn0.000103Si0.000201Cr0.156Ni0.0000962Mo0.0294V0.00454N0.00121Nb0.0000608Co0.129Al0.00105,0.105,0.5640000000000001,12.9,15.6,67.2,0.0103,2.94,0.121,0.00608,0.00962,0.0201,0.0,0.45399999999999996,0.0,1322.9
49,Fe0.673C0.000475Mn0.000104Si0.000203Cr0.000110Ni0.144Mo0.0149V0.000112Nb0.0000614Co0.145Al0.000635Ti0.0215,0.0635,0.0475,14.499999999999998,0.011000000000000001,67.30000000000001,0.0104,1.49,0.0,0.0061400000000000005,14.399999999999999,0.0203,2.15,0.0112,0.0,1571.2
50,Fe0.673C0.000475Mn0.000104Si0.000203Cr0.000110Ni0.180Mo0.0286V0.00482Nb0.0000614Co0.0842Al0.0201Ti0.00858,2.01,0.0475,8.42,0.011000000000000001,67.30000000000001,0.0104,2.86,0.0,0.0061400000000000005,18.0,0.0203,0.8580000000000001,0.482,0.0,1288.4
51,Fe0.673C0.000908Mn0.0000992Si0.0361Cr0.167Ni0.0372Mo0.000114V0.000107Nb0.0000587Co0.0851Al0.000404Ti0.000569,0.0404,0.09079999999999999,8.51,16.7,67.30000000000001,0.00992,0.0114,0.0,0.005869999999999999,3.7199999999999998,3.61,0.05689999999999999,0.0107,0.0,1143.7
52,Fe0.674C0.00752Mn0.000103Si0.000201Cr0.156Ni0.0000961Mo0.0303V0.000111N0.00121Nb0.0000607Co0.129Al0.00146,0.146,0.752,12.9,15.6,67.4,0.0103,3.0300000000000002,0.121,0.00607,0.00961,0.0201,0.0,0.0111,0.0,1460.7
53,Fe0.674C0.00925Mn0.00516Si0.0101Cr0.135Ni0.00975Mo0.0115V0.000109Nb0.0000598Co0.145Al0.000618,0.061799999999999994,0.9249999999999999,14.499999999999998,13.5,67.4,0.516,1.15,0.0,0.00598,0.975,1.01,0.0,0.0109,0.0,1300.3
54,Fe0.674C0.0112Mn0.000102Si0.000199Cr0.0957Ni0.0829Mo0.00874V0.00307Nb0.0000602Co0.123Al0.000622Ti0.000234,0.062200000000000005,1.1199999999999999,12.3,9.569999999999999,67.4,0.0102,0.874,0.0,0.00602,8.290000000000001,0.0199,0.0234,0.307,0.0,1309.1
55,Fe0.675C0.00705Mn0.000103Si0.000201Cr0.157Ni0.0000962Mo0.0294V0.000111Nb0.0000608Co0.129Al0.00105,0.105,0.705,12.9,15.7,67.5,0.0103,2.94,0.0,0.00608,0.00962,0.0201,0.0,0.0111,0.0,1338.0
56,Fe0.676C0.000475Mn0.000104Si0.000203Cr0.000110Ni0.180Mo0.0279V0.000112Nb0.0000614Co0.0852Al0.0216Ti0.00846,2.16,0.0475,8.52,0.011000000000000001,67.60000000000001,0.0104,2.79,0.0,0.0061400000000000005,18.0,0.0203,0.8460000000000001,0.0112,0.0,1309.1
57,Fe0.677C0.000478Mn0.000104Si0.000204Cr0.000110Ni0.146Mo0.0188V0.000113Nb0.0000617Co0.149Al0.000638Ti0.00839,0.0638,0.0478,14.899999999999999,0.011000000000000001,67.7,0.0104,1.8800000000000001,0.0,0.006169999999999999,14.6,0.0204,0.839,0.0113,0.0,1669.3
58,Fe0.677C0.00916Mn0.000100Si0.0294Cr0.134Ni0.00881Mo0.0113V0.000108Nb0.000474Co0.129Al0.000611,0.0611,0.9159999999999999,12.9,13.4,67.7,0.01,1.13,0.0,0.0474,0.881,2.94,0.0,0.010799999999999999,0.0,1382.2
59,Fe0.678C0.000464Mn0.000102Si0.000199Cr0.0873Ni0.114Mo0.000116V0.000110Nb0.0000600Co0.0992Al0.00806Ti0.0129,0.8059999999999999,0.0464,9.92,8.73,67.80000000000001,0.0102,0.0116,0.0,0.006,11.4,0.0199,1.29,0.011000000000000001,0.0,1768.0
60,Fe0.678C0.00421Mn0.00645Si0.00741Cr0.133Ni0.0000958Mo0.0233V0.000110N0.00161Nb0.0000605Co0.145Al0.000625,0.0625,0.42100000000000004,14.499999999999998,13.3,67.80000000000001,0.645,2.33,0.161,0.00605,0.00958,0.741,0.0,0.011000000000000001,0.0,1131.9
61,Fe0.679C0.00705Mn0.000103Si0.000201Cr0.153Ni0.00135Mo0.0282V0.00233Nb0.0000608Co0.128Al0.000628,0.0628,0.705,12.8,15.299999999999999,67.9,0.0103,2.82,0.0,0.00608,0.135,0.0201,0.0,0.233,0.0,1341.7
62,Fe0.680Mn0.000102Si0.000199Cr0.127Ni0.0976Mo0.00856V0.000110Nb0.0000601Co0.0709Al0.00891Ti0.00654,0.8909999999999999,0.0,7.090000000000001,12.7,68.0,0.0102,0.856,0.0,0.00601,9.76,0.0199,0.654,0.011000000000000001,0.0,1586.7
63,Fe0.680Mn0.000104Si0.000204Cr0.111Ni0.0680Mo0.0327V0.000112N0.000408Nb0.0000616Co0.106Al0.000636,0.06359999999999999,0.0,10.6,11.1,68.0,0.0104,3.27,0.0408,0.0061600000000000005,6.800000000000001,0.0204,0.0,0.0112,0.0,1373.9
64,Fe0.681C0.000478Mn0.000104Si0.000204Cr0.000110Ni0.181Mo0.0293V0.00439Nb0.0000618Co0.0847Al0.0108Ti0.00779,1.08,0.0478,8.469999999999999,0.011000000000000001,68.10000000000001,0.0104,2.93,0.0,0.00618,18.099999999999998,0.0204,0.779,0.439,0.0,1164.4
65,Fe0.681C0.00744Mn0.000102Si0.000199Cr0.154Ni0.0000952Mo0.0175V0.0106N0.00120Nb0.0000601Co0.126Al0.00104,0.104,0.744,12.6,15.4,68.10000000000001,0.0102,1.7500000000000002,0.12,0.00601,0.009519999999999999,0.0199,0.0,1.06,0.0,1240.2
66,Fe0.681C0.00877Mn0.00464Si0.00968Cr0.135Ni0.00898Mo0.00861V0.000109Nb0.0000597Co0.142Al0.000617,0.061700000000000005,0.877,14.2,13.5,68.10000000000001,0.464,0.861,0.0,0.0059700000000000005,0.898,0.968,0.0,0.0109,0.0,1250.8
67,Fe0.682C0.00515Mn0.000102Si0.000200Cr0.0995Ni0.0355Mo0.0117V0.00552Nb0.0000605Co0.159Al0.000625Ti0.000353,0.0625,0.515,15.9,9.950000000000001,68.2,0.0102,1.17,0.0,0.00605,3.55,0.02,0.0353,0.5519999999999999,0.0,1453.8
68,Fe0.682C0.00877Mn0.000202Si0.00967Cr0.134Ni0.00907Mo0.00861V0.00501Nb0.0000597Co0.142Al0.000616,0.0616,0.877,14.2,13.4,68.2,0.0202,0.861,0.0,0.0059700000000000005,0.907,0.967,0.0,0.501,0.0,1241.0
69,Fe0.682C0.00925Mn0.000101Si0.0101Cr0.134Ni0.00899Mo0.0115V0.000109Nb0.000479Co0.143Al0.000618,0.061799999999999994,0.9249999999999999,14.299999999999999,13.4,68.2,0.0101,1.15,0.0,0.0479,0.899,1.01,0.0,0.0109,0.0,1314.2
70,Fe0.683C0.00704Mn0.000103Si0.000201Cr0.156Ni0.0000961Mo0.0299V0.00454N0.00121Nb0.0000607Co0.117Al0.000836,0.08360000000000001,0.7040000000000001,11.700000000000001,15.6,68.30000000000001,0.0103,2.9899999999999998,0.121,0.00607,0.00961,0.0201,0.0,0.45399999999999996,0.0,1471.0
71,Fe0.683C0.00749Mn0.000102Si0.000200Cr0.156Ni0.0000958Mo0.0309V0.00453N0.00522Nb0.0000605Co0.112Al0.000834,0.0834,0.749,11.200000000000001,15.6,68.30000000000001,0.0102,3.09,0.522,0.00605,0.00958,0.02,0.0,0.453,0.0,1646.7
72,Fe0.683C0.00925Mn0.000202Si0.00969Cr0.134Ni0.00890Mo0.0114V0.000109Nb0.000120Co0.142Al0.000618,0.061799999999999994,0.9249999999999999,14.2,13.4,68.30000000000001,0.0202,1.1400000000000001,0.0,0.012,0.89,0.9690000000000001,0.0,0.0109,0.0,1258.6
73,Fe0.684C0.00699Mn0.000102Si0.000199Cr0.155Ni0.0000953Mo0.0177V0.00450N0.00120Nb0.0000602Co0.130Al0.000622,0.062200000000000005,0.699,13.0,15.5,68.4,0.0102,1.77,0.12,0.00602,0.00953,0.0199,0.0,0.44999999999999996,0.0,1233.3
74,Fe0.684C0.00795Mn0.000102Si0.000200Cr0.156Ni0.0000957Mo0.0306V0.00452N0.00481Nb0.0000604Co0.109Al0.00271,0.271,0.795,10.9,15.6,68.4,0.0102,3.06,0.481,0.006039999999999999,0.009569999999999999,0.02,0.0,0.45199999999999996,0.0,1536.5
75,Fe0.684C0.00920Mn0.000101Si0.0197Cr0.134Ni0.00885Mo0.0114V0.00228Nb0.000476Co0.129Al0.000614,0.061399999999999996,0.9199999999999999,12.9,13.4,68.4,0.0101,1.1400000000000001,0.0,0.0476,0.885,1.97,0.0,0.22799999999999998,0.0,1344.4
76,Fe0.685C0.00877Mn0.000101Si0.00967Cr0.134Ni0.00907Mo0.00855V0.00359Nb0.0000597Co0.141Al0.000617,0.061700000000000005,0.877,14.099999999999998,13.4,68.5,0.0101,0.855,0.0,0.0059700000000000005,0.907,0.967,0.0,0.359,0.0,1218.4
77,Fe0.685C0.0101Mn0.000101Si0.0199Cr0.134Ni0.00884Mo0.0114V0.000108Nb0.000475Co0.129Al0.000614,0.061399999999999996,1.01,12.9,13.4,68.5,0.0101,1.1400000000000001,0.0,0.0475,0.8840000000000001,1.9900000000000002,0.0,0.010799999999999999,0.0,1383.7
78,Fe0.685C0.0112Mn0.000102Si0.000199Cr0.0957Ni0.0705Mo0.00991V0.00307Nb0.0000602Co0.123Al0.000622Ti0.000351,0.062200000000000005,1.1199999999999999,12.3,9.569999999999999,68.5,0.0102,0.991,0.0,0.00602,7.049999999999999,0.0199,0.0351,0.307,0.0,1550.3
79,Fe0.685C0.0116Mn0.000101Si0.000198Cr0.151Ni0.00882Mo0.0116V0.000109Nb0.000479Co0.131Al0.000619,0.0619,1.16,13.100000000000001,15.1,68.5,0.0101,1.16,0.0,0.0479,0.882,0.019799999999999998,0.0,0.0109,0.0,1438.6
80,Fe0.686C0.000466Mn0.000102Si0.000199Cr0.0951Ni0.103Mo0.00694V0.00450Nb0.0000602Co0.0877Al0.00892Ti0.00666,0.8920000000000001,0.0466,8.77,9.51,68.60000000000001,0.0102,0.694,0.0,0.00602,10.299999999999999,0.0199,0.666,0.44999999999999996,0.0,1755.2
81,Fe0.686C0.000469Mn0.000410Si0.000802Cr0.107Ni0.0671Mo0.0161Co0.0767W0.00745Al0.0376,3.7600000000000002,0.046900000000000004,7.670000000000001,10.7,68.60000000000001,0.041,1.6099999999999999,0.0,0.0,6.710000000000001,0.0802,0.0,0.0,0.745,1680.6
82,Fe0.686C0.000478Mn0.000104Si0.000204Cr0.000110Ni0.143Mo0.0185V0.000113Nb0.0000618Co0.150Al0.000638Ti0.00144,0.0638,0.0478,15.0,0.011000000000000001,68.60000000000001,0.0104,1.8499999999999999,0.0,0.00618,14.299999999999999,0.0204,0.14400000000000002,0.0113,0.0,1267.1
83,Fe0.686C0.000910Mn0.0000995Si0.0354Cr0.146Ni0.0475Mo0.000114V0.000107Nb0.0000588Co0.0825Al0.000405Ti0.000457,0.040499999999999994,0.091,8.25,14.6,68.60000000000001,0.00995,0.0114,0.0,0.00588,4.75,3.54,0.0457,0.0107,0.0,1226.4
84,Fe0.687C0.000467Mn0.000102Si0.000200Cr0.0835Ni0.114Mo0.00573V0.000110Nb0.0000604Co0.0947Al0.00562Ti0.00832,0.562,0.046700000000000005,9.47,8.35,68.7,0.0102,0.573,0.0,0.006039999999999999,11.4,0.02,0.832,0.011000000000000001,0.0,1779.7
85,Fe0.687C0.00974Mn0.000101Si0.000198Cr0.151Ni0.00883Mo0.0116V0.000109Nb0.000480Co0.131Al0.000620,0.062,0.9740000000000001,13.100000000000001,15.1,68.7,0.0101,1.16,0.0,0.048,0.8829999999999999,0.019799999999999998,0.0,0.0109,0.0,1372.9
86,Fe0.687C0.0162Mn0.000101Si0.000199Cr0.0965Ni0.0142Mo0.0116V0.00328Nb0.0000600Co0.170Al0.000620Ti0.000233,0.062,1.6199999999999999,17.0,9.65,68.7,0.0101,1.16,0.0,0.006,1.4200000000000002,0.0199,0.0233,0.328,0.0,1731.7
87,Fe0.687Mn0.000102Si0.000199Cr0.119Ni0.0952Mo0.00716V0.000110Nb0.0000601Co0.0712W0.000851Al0.0118Ti0.00689,1.18,0.0,7.12,11.899999999999999,68.7,0.0102,0.716,0.0,0.00601,9.520000000000001,0.0199,0.6890000000000001,0.011000000000000001,0.0851,1729.4
88,Fe0.688C0.00877Mn0.000101Si0.00987Cr0.134Ni0.00898Mo0.00856V0.000109Nb0.0000597Co0.141Al0.000617,0.061700000000000005,0.877,14.099999999999998,13.4,68.8,0.0101,0.856,0.0,0.0059700000000000005,0.898,0.987,0.0,0.0109,0.0,1311.1
89,Fe0.689C0.000476Mn0.000104Si0.000204Cr0.111Ni0.0683Mo0.0327V0.000112Nb0.0000615Co0.0975Al0.000636,0.06359999999999999,0.0476,9.75,11.1,68.89999999999999,0.0104,3.27,0.0,0.00615,6.83,0.0204,0.0,0.0112,0.0,1486.2
90,Fe0.689C0.00193Mn0.000105Si0.000206Cr0.000111Ni0.185Mo0.0362V0.000114Nb0.0000623Co0.0785Al0.00343Ti0.00507,0.34299999999999997,0.193,7.85,0.0111,68.89999999999999,0.0105,3.62,0.0,0.006229999999999999,18.5,0.0206,0.507,0.0114,0.0,1012.8
91,Fe0.690C0.00697Mn0.000102Si0.000199Cr0.150Ni0.00885Mo0.0116V0.000110Nb0.000481Co0.130Al0.000621,0.0621,0.697,13.0,15.0,69.0,0.0102,1.16,0.0,0.0481,0.885,0.0199,0.0,0.011000000000000001,0.0,1278.2
92,Fe0.690C0.00785Mn0.000101Si0.0154Cr0.134Ni0.00898Mo0.0115V0.000109Nb0.000477Co0.132Al0.000617,0.061700000000000005,0.7849999999999999,13.200000000000001,13.4,69.0,0.0101,1.15,0.0,0.0477,0.898,1.54,0.0,0.0109,0.0,1368.5
93,Fe0.690C0.00970Mn0.000101Si0.0111Cr0.134Ni0.00936Mo0.0114V0.00370Nb0.000478Co0.129Al0.000617,0.061700000000000005,0.97,12.9,13.4,69.0,0.0101,1.1400000000000001,0.0,0.0478,0.936,1.11,0.0,0.37,0.0,1280.7
94,Fe0.692C0.00837Mn0.00112Si0.00179Cr0.000107Ni0.169Mo0.000116V0.0474Nb0.0000601Co0.0764Al0.00228Ti0.000933,0.22799999999999998,0.8370000000000001,7.64,0.0107,69.19999999999999,0.11199999999999999,0.0116,0.0,0.00601,16.900000000000002,0.179,0.09330000000000001,4.74,0.0,1605.4
95,Fe0.692C0.00968Mn0.000101Si0.0144Cr0.133Ni0.00887Mo0.0114V0.000109Nb0.000477Co0.130Al0.000616,0.0616,0.968,13.0,13.3,69.19999999999999,0.0101,1.1400000000000001,0.0,0.0477,0.8869999999999999,1.44,0.0,0.0109,0.0,1369.5
96,Fe0.693C0.000454Mn0.0000993Si0.0334Cr0.165Ni0.0381Mo0.000114V0.000107Nb0.0000587Co0.0685Al0.000405Ti0.000456,0.040499999999999994,0.045399999999999996,6.8500000000000005,16.5,69.3,0.00993,0.0114,0.0,0.005869999999999999,3.81,3.34,0.0456,0.0107,0.0,1205.8
97,Fe0.693C0.00877Mn0.000101Si0.0144Cr0.133Ni0.00897Mo0.0114V0.000109Nb0.000477Co0.130Al0.000616,0.0616,0.877,13.0,13.3,69.3,0.0101,1.1400000000000001,0.0,0.0477,0.897,1.44,0.0,0.0109,0.0,1275.3
98,Fe0.694C0.0103Mn0.000102Si0.000200Cr0.0917Ni0.0440Mo0.00877V0.00308Nb0.0000604Co0.146W0.00153Al0.000624Ti0.000352,0.0624,1.03,14.6,9.17,69.39999999999999,0.0102,0.877,0.0,0.006039999999999999,4.3999999999999995,0.02,0.0352,0.308,0.153,1575.5
99,Fe0.695C0.00971Mn0.000101Si0.00988Cr0.134Ni0.00889Mo0.0115V0.000109Nb0.000478Co0.130Al0.000617,0.061700000000000005,0.971,13.0,13.4,69.5,0.0101,1.15,0.0,0.0478,0.889,0.988,0.0,0.0109,0.0,1369.5
100,Fe0.695C0.0106Mn0.000101Si0.0103Cr0.133Ni0.00898Mo0.0114V0.000109Nb0.000478Co0.130Al0.000617,0.061700000000000005,1.06,13.0,13.3,69.5,0.0101,1.1400000000000001,0.0,0.0478,0.898,1.03,0.0,0.0109,0.0,1359.7
101,Fe0.696C0.00143Mn0.000105Si0.000204Cr0.000110Ni0.180Mo0.0293V0.000113Nb0.0000618Co0.0682Al0.00319Ti0.0212,0.319,0.14300000000000002,6.819999999999999,0.011000000000000001,69.6,0.0105,2.93,0.0,0.00618,18.0,0.0204,2.12,0.0113,0.0,1233.3
102,Fe0.696C0.00878Mn0.000101Si0.00989Cr0.135Ni0.00927Mo0.0113V0.000109Nb0.000120Co0.129Al0.000617,0.061700000000000005,0.878,12.9,13.5,69.6,0.0101,1.13,0.0,0.012,0.927,0.989,0.0,0.0109,0.0,1376.3
103,Fe0.696C0.00925Mn0.000101Si0.000198Cr0.148Ni0.0107Mo0.00573V0.000109Nb0.000538Co0.129Al0.000617,0.061700000000000005,0.9249999999999999,12.9,14.799999999999999,69.6,0.0101,0.573,0.0,0.053799999999999994,1.0699999999999998,0.019799999999999998,0.0,0.0109,0.0,1376.7
104,Fe0.696C0.00974Mn0.000101Si0.000198Cr0.150Ni0.0000949Mo0.0116V0.000109Nb0.000480Co0.130Al0.000619,0.0619,0.9740000000000001,13.0,15.0,69.6,0.0101,1.16,0.0,0.048,0.00949,0.019799999999999998,0.0,0.0109,0.0,1348.9
105,Fe0.697C0.00972Mn0.000101Si0.00732Cr0.135Ni0.00909Mo0.0115V0.000109Nb0.000479Co0.130Al0.000618,0.061799999999999994,0.972,13.0,13.5,69.69999999999999,0.0101,1.15,0.0,0.0479,0.909,0.732,0.0,0.0109,0.0,1332.7
106,Fe0.699C0.000478Mn0.000104Si0.000204Cr0.000110Ni0.166Mo0.0287V0.00383Nb0.0000618Co0.0847Al0.00829Ti0.00803,0.8290000000000001,0.0478,8.469999999999999,0.011000000000000001,69.89999999999999,0.0104,2.87,0.0,0.00618,16.6,0.0204,0.803,0.383,0.0,1287.3
107,Fe0.699C0.000946Mn0.000103Si0.000202Cr0.000109Ni0.140Mo0.00545V0.000112Nb0.0000612Co0.148Al0.000632Ti0.00487,0.06319999999999999,0.0946,14.799999999999999,0.0109,69.89999999999999,0.0103,0.545,0.0,0.00612,14.000000000000002,0.0202,0.48700000000000004,0.0112,0.0,1212.0
108,Fe0.700C0.000479Mn0.000523Si0.00102Cr0.000111Ni0.170Mo0.0298V0.000113Nb0.0000619Co0.0771Al0.00277Ti0.0180,0.27699999999999997,0.0479,7.71,0.0111,70.0,0.0523,2.98,0.0,0.00619,17.0,0.10200000000000001,1.7999999999999998,0.0113,0.0,2356.4
109,Fe0.700C0.00927Mn0.000101Si0.00594Cr0.133Ni0.00901Mo0.0114V0.000109Nb0.000479Co0.130Al0.000619,0.0619,0.927,13.0,13.3,70.0,0.0101,1.1400000000000001,0.0,0.0479,0.901,0.594,0.0,0.0109,0.0,1299.8
110,Fe0.701C0.00750Mn0.000102Si0.000200Cr0.154Ni0.0000959Mo0.0289V0.00508N0.00121Nb0.0000606Co0.101Al0.000835,0.0835,0.75,10.100000000000001,15.4,70.1,0.0102,2.8899999999999997,0.121,0.00606,0.00959,0.02,0.0,0.508,0.0,1405.6
111,Fe0.702C0.000943Mn0.000103Si0.000202Cr0.000109Ni0.142Mo0.000118V0.000111Nb0.0000609Co0.149Al0.000629Ti0.00509,0.0629,0.09430000000000001,14.899999999999999,0.0109,70.19999999999999,0.0103,0.0118,0.0,0.00609,14.2,0.0202,0.509,0.0111,0.0,1144.8
112,Fe0.702C0.00930Mn0.000102Si0.000199Cr0.133Ni0.0115Mo0.0117V0.000110Nb0.000481Co0.131Al0.000621,0.0621,0.9299999999999999,13.100000000000001,13.3,70.19999999999999,0.0102,1.17,0.0,0.0481,1.15,0.0199,0.0,0.011000000000000001,0.0,1423.8
113,Fe0.702Mn0.000102Si0.000200Cr0.154Ni0.0793Mo0.0152V0.000110Nb0.0000604Co0.0409Al0.00208Ti0.00574,0.208,0.0,4.09,15.4,70.19999999999999,0.0102,1.52,0.0,0.006039999999999999,7.93,0.02,0.5740000000000001,0.011000000000000001,0.0,1350.4
114,Fe0.702Mn0.000102Si0.000200Cr0.154Ni0.0802Mo0.0146V0.000110Nb0.0000604Co0.0409Al0.00249Ti0.00551,0.249,0.0,4.09,15.4,70.19999999999999,0.0102,1.46,0.0,0.006039999999999999,8.02,0.02,0.551,0.011000000000000001,0.0,1274.7
115,Fe0.703C0.000908Mn0.0000992Si0.0375Cr0.146Ni0.0557Mo0.000114V0.000107Nb0.0000587Co0.0555Al0.000606Ti0.000569,0.0606,0.09079999999999999,5.55,14.6,70.3,0.00992,0.0114,0.0,0.005869999999999999,5.57,3.75,0.05689999999999999,0.0107,0.0,1130.0
116,Fe0.703C0.00274Mn0.0209Si0.00625Cr0.173Ni0.0481Mo0.00864V0.000108Nb0.0000591Co0.0189Al0.0179,1.79,0.27399999999999997,1.8900000000000001,17.299999999999997,70.3,2.09,0.864,0.0,0.00591,4.81,0.625,0.0,0.010799999999999999,0.0,1237.0
117,Fe0.703C0.00883Mn0.000102Si0.000199Cr0.135Ni0.00942Mo0.0115V0.000110Nb0.000421Co0.131Al0.000621,0.0621,0.8829999999999999,13.100000000000001,13.5,70.3,0.0102,1.15,0.0,0.0421,0.942,0.0199,0.0,0.011000000000000001,0.0,1371.4
118,Fe0.703C0.00927Mn0.000101Si0.000198Cr0.128Ni0.0235Mo0.00574V0.000109Nb0.000599Co0.129Al0.000619,0.0619,0.927,12.9,12.8,70.3,0.0101,0.5740000000000001,0.0,0.0599,2.35,0.019799999999999998,0.0,0.0109,0.0,1273.3
119,Fe0.704C0.000476Mn0.000104Si0.000203Cr0.000110Ni0.148Mo0.0304V0.000112Nb0.0000615Co0.0892Al0.0191Ti0.00835,1.91,0.0476,8.92,0.011000000000000001,70.39999999999999,0.0104,3.04,0.0,0.00615,14.799999999999999,0.0203,0.835,0.0112,0.0,1393.5
120,Fe0.705C0.000475Mn0.000104Si0.000203Cr0.000110Ni0.147Mo0.0304V0.000112Nb0.0000615Co0.0891Al0.0195Ti0.00835,1.95,0.0475,8.91,0.011000000000000001,70.5,0.0104,3.04,0.0,0.00615,14.7,0.0203,0.835,0.0112,0.0,1580.1
121,Fe0.706C0.000906Mn0.0000990Si0.0372Cr0.162Ni0.0361Mo0.000113V0.000107Nb0.0000586Co0.0554Al0.000806Ti0.000796,0.08059999999999999,0.0906,5.54,16.2,70.6,0.009899999999999999,0.0113,0.0,0.00586,3.61,3.7199999999999998,0.0796,0.0107,0.0,1109.3
122,Fe0.706C0.0106Mn0.000101Si0.00712Cr0.135Ni0.00899Mo0.0114V0.000109Nb0.000478Co0.120Al0.000617,0.061700000000000005,1.06,12.0,13.5,70.6,0.0101,1.1400000000000001,0.0,0.0478,0.899,0.712,0.0,0.0109,0.0,1302.8
123,Fe0.706C0.0116Mn0.000101Si0.000199Cr0.0965Ni0.0589Mo0.00755V0.00317Nb0.0000600Co0.115Al0.000620Ti0.000349,0.062,1.16,11.5,9.65,70.6,0.0101,0.755,0.0,0.006,5.89,0.0199,0.0349,0.317,0.0,1405.6
124,Fe0.707C0.000959Mn0.000105Si0.000205Cr0.000111Ni0.182Mo0.0306V0.000113Nb0.0000620Co0.0655Al0.00256Ti0.0107,0.256,0.0959,6.550000000000001,0.0111,70.7,0.0105,3.06,0.0,0.006200000000000001,18.2,0.0205,1.0699999999999998,0.0113,0.0,1088.6
125,Fe0.707C0.000959Mn0.000105Si0.000205Cr0.000111Ni0.183Mo0.0306V0.000113Nb0.0000620Co0.0675Al0.00256Ti0.00770,0.256,0.0959,6.75,0.0111,70.7,0.0105,3.06,0.0,0.006200000000000001,18.3,0.0205,0.77,0.0113,0.0,1026.6
126,Fe0.707C0.0112Mn0.000102Si0.000199Cr0.0956Ni0.0485Mo0.00990V0.00318Nb0.0000601Co0.123Al0.000621Ti0.000350,0.0621,1.1199999999999999,12.3,9.56,70.7,0.0102,0.9900000000000001,0.0,0.00601,4.8500000000000005,0.0199,0.034999999999999996,0.318,0.0,1429.7
127,Fe0.709C0.0103Mn0.000102Si0.000200Cr0.0328Ni0.107Mo0.00692V0.000110Nb0.0000605Co0.133Al0.000625Ti0.000117,0.0625,1.03,13.3,3.2800000000000002,70.89999999999999,0.0102,0.692,0.0,0.00605,10.7,0.02,0.0117,0.011000000000000001,0.0,1810.0
128,Fe0.710C0.000477Mn0.000104Si0.000204Cr0.000110Ni0.149Mo0.0305V0.000112Nb0.0000617Co0.0885Al0.0127Ti0.00814,1.27,0.0477,8.85,0.011000000000000001,71.0,0.0104,3.05,0.0,0.006169999999999999,14.899999999999999,0.0204,0.814,0.0112,0.0,1123.1
129,Fe0.711C0.00699Mn0.000102Si0.000199Cr0.0969Ni0.0458Mo0.00875V0.00549Nb0.0000603Co0.123Al0.000622Ti0.000234,0.062200000000000005,0.699,12.3,9.69,71.1,0.0102,0.8750000000000001,0.0,0.006030000000000001,4.58,0.0199,0.0234,0.549,0.0,1412.5
130,Fe0.711C0.00931Mn0.000102Si0.000199Cr0.113Ni0.0237Mo0.0115V0.000110Nb0.000602Co0.130Al0.000622,0.062200000000000005,0.931,13.0,11.3,71.1,0.0102,1.15,0.0,0.0602,2.37,0.0199,0.0,0.011000000000000001,0.0,1282.2
131,Fe0.711C0.0108Mn0.000102Si0.000200Cr0.0336Ni0.108Mo0.00697V0.000110Nb0.0000605Co0.129Al0.000208Ti0.000117,0.0208,1.08,12.9,3.36,71.1,0.0102,0.697,0.0,0.00605,10.8,0.02,0.0117,0.011000000000000001,0.0,1777.6
132,Fe0.712C0.00143Mn0.000104Si0.000203Cr0.000110Ni0.146Mo0.0297V0.000112Nb0.00123Co0.0852Al0.0207Ti0.00310,2.07,0.14300000000000002,8.52,0.011000000000000001,71.2,0.0104,2.97,0.0,0.123,14.6,0.0203,0.31,0.0112,0.0,1026.6
133,Fe0.712C0.00144Mn0.000105Si0.000205Cr0.000111Ni0.180Mo0.0306V0.000113Nb0.0000620Co0.0655Al0.00235Ti0.00842,0.23500000000000001,0.14400000000000002,6.550000000000001,0.0111,71.2,0.0105,3.06,0.0,0.006200000000000001,18.0,0.0205,0.8420000000000001,0.0113,0.0,1109.3
134,Fe0.712C0.00471Mn0.00639Si0.00746Cr0.133Ni0.0000964Mo0.0363V0.000111N0.00121Nb0.0000609Co0.0980Al0.000629,0.0629,0.471,9.8,13.3,71.2,0.639,3.63,0.121,0.00609,0.00964,0.746,0.0,0.0111,0.0,1258.2
135,Fe0.712C0.0103Mn0.000102Si0.000200Cr0.0336Ni0.108Mo0.00698V0.000110Nb0.0000605Co0.129Al0.000208Ti0.000117,0.0208,1.03,12.9,3.36,71.2,0.0102,0.698,0.0,0.00605,10.8,0.02,0.0117,0.011000000000000001,0.0,1743.5
136,Fe0.713C0.00984Mn0.000102Si0.000200Cr0.0335Ni0.107Mo0.00698V0.000110Nb0.0000606Co0.129Al0.000209Ti0.000118,0.020900000000000002,0.984,12.9,3.35,71.3,0.0102,0.698,0.0,0.00606,10.7,0.02,0.0118,0.011000000000000001,0.0,1792.1
137,Fe0.713C0.0108Mn0.000102Si0.000200Cr0.0335Ni0.106Mo0.00697V0.000110Nb0.0000605Co0.129Al0.000208Ti0.000117,0.0208,1.08,12.9,3.35,71.3,0.0102,0.697,0.0,0.00605,10.6,0.02,0.0117,0.011000000000000001,0.0,1741.8
138,Fe0.713C0.0108Mn0.000102Si0.000200Cr0.0336Ni0.107Mo0.00691V0.000110Nb0.0000605Co0.128Al0.000208Ti0.000117,0.0208,1.08,12.8,3.36,71.3,0.0102,0.6910000000000001,0.0,0.00605,10.7,0.02,0.0117,0.011000000000000001,0.0,1746.6
139,Fe0.713C0.0112Mn0.000102Si0.000200Cr0.0337Ni0.106Mo0.00697V0.000110Nb0.0000605Co0.128Al0.000208Ti0.000117,0.0208,1.1199999999999999,12.8,3.37,71.3,0.0102,0.697,0.0,0.00605,10.6,0.02,0.0117,0.011000000000000001,0.0,1804.2
140,Fe0.714C0.00138Mn0.00602Si0.00589Cr0.154Ni0.0798Mo0.0144V0.000108Nb0.0000593Co0.0000935Al0.0245,2.45,0.13799999999999998,0.009349999999999999,15.4,71.39999999999999,0.602,1.44,0.0,0.0059299999999999995,7.9799999999999995,0.5890000000000001,0.0,0.010799999999999999,0.0,1478.4
141,Fe0.714C0.00984Mn0.000102Si0.000200Cr0.0336Ni0.106Mo0.00698V0.000110Nb0.0000605Co0.129Al0.000208Ti0.000118,0.0208,0.984,12.9,3.36,71.39999999999999,0.0102,0.698,0.0,0.00605,10.6,0.02,0.0118,0.011000000000000001,0.0,1795.5
142,Fe0.714C0.0108Mn0.000102Si0.000400Cr0.0337Ni0.106Mo0.00703V0.000110Nb0.0000605Co0.128Al0.000208Ti0.000117,0.0208,1.08,12.8,3.37,71.39999999999999,0.0102,0.703,0.0,0.00605,10.6,0.04,0.0117,0.011000000000000001,0.0,1818.0
143,Fe0.715C0.00378Mn0.00609Si0.00605Cr0.133Ni0.0000966Mo0.0372V0.000111N0.00202Nb0.0000610Co0.0962Al0.000630,0.063,0.378,9.62,13.3,71.5,0.609,3.7199999999999998,0.202,0.0060999999999999995,0.00966,0.605,0.0,0.0111,0.0,1287.4
144,Fe0.717C0.000960Mn0.000105Si0.000205Cr0.000111Ni0.178Mo0.0288V0.000113Nb0.00186Co0.0665Al0.00192Ti0.00494,0.192,0.096,6.65,0.0111,71.7,0.0105,2.88,0.0,0.186,17.8,0.0205,0.494,0.0113,0.0,1005.9
145,Fe0.718C0.000473Mn0.000103Si0.000606Cr0.0866Ni0.0969Mo0.00118N0.000405Co0.0784W0.00707Al0.00421Ti0.00581,0.42100000000000004,0.0473,7.84,8.66,71.8,0.0103,0.11800000000000001,0.040499999999999994,0.0,9.69,0.0606,0.581,0.0,0.707,1525.0
146,Fe0.718C0.00317Mn0.00594Si0.00581Cr0.178Ni0.0648Mo0.000113V0.000107Nb0.0000585Co0.0000922Al0.0242,2.42,0.317,0.00922,17.8,71.8,0.594,0.0113,0.0,0.00585,6.4799999999999995,0.581,0.0,0.0107,0.0,1362.9
147,Fe0.719C0.000945Mn0.000103Si0.000202Cr0.0557Ni0.108Mo0.0302V0.000111Nb0.0000611Co0.0597Al0.0149Ti0.0111,1.49,0.0945,5.970000000000001,5.57,71.89999999999999,0.0103,3.02,0.0,0.006109999999999999,10.8,0.0202,1.11,0.0111,0.0,1071.4
148,Fe0.720C0.000948Mn0.000104Si0.000203Cr0.0559Ni0.109Mo0.0303V0.00548Nb0.0000613Co0.0609Al0.00865Ti0.00880,0.865,0.0948,6.09,5.59,72.0,0.0104,3.0300000000000002,0.0,0.00613,10.9,0.0203,0.88,0.5479999999999999,0.0,1136.8
149,Fe0.720C0.00407Mn0.0277Si0.00619Cr0.183Ni0.0411Mo0.000113V0.000107Nb0.0000585Co0.0000923Al0.0181,1.81,0.407,0.009229999999999999,18.3,72.0,2.77,0.0113,0.0,0.00585,4.109999999999999,0.619,0.0,0.0107,0.0,1236.6
150,Fe0.721C0.000476Mn0.000104Si0.000203Cr0.0560Ni0.109Mo0.0304V0.0105Nb0.0000615Co0.0611Al0.00191Ti0.00931,0.191,0.0476,6.11,5.6000000000000005,72.1,0.0104,3.04,0.0,0.00615,10.9,0.0203,0.931,1.05,0.0,1040.4
151,Fe0.721C0.000955Mn0.000104Si0.000204Cr0.000110Ni0.143Mo0.0299V0.00484Nb0.00124Co0.0867Al0.0102Ti0.00240,1.02,0.0955,8.67,0.011000000000000001,72.1,0.0104,2.9899999999999998,0.0,0.124,14.299999999999999,0.0204,0.24,0.484,0.0,1026.6
152,Fe0.721C0.000955Mn0.000104Si0.000204Cr0.000110Ni0.146Mo0.0287V0.00293Nb0.0000617Co0.0846Al0.00765Ti0.00850,0.765,0.0955,8.459999999999999,0.011000000000000001,72.1,0.0104,2.87,0.0,0.006169999999999999,14.6,0.0204,0.8500000000000001,0.293,0.0,1164.4
153,Fe0.721C0.00189Mn0.00455Si0.00647Cr0.131Ni0.0000967Mo0.0364V0.000111N0.00122Nb0.0000611Co0.0963Al0.000631,0.0631,0.189,9.629999999999999,13.100000000000001,72.1,0.455,3.64,0.122,0.006109999999999999,0.00967,0.647,0.0,0.0111,0.0,1219.7
154,Fe0.721C0.00191Mn0.000104Si0.000204Cr0.000110Ni0.147Mo0.0299V0.000113Nb0.00123Co0.0856Al0.0106Ti0.00288,1.06,0.191,8.559999999999999,0.011000000000000001,72.1,0.0104,2.9899999999999998,0.0,0.123,14.7,0.0204,0.28800000000000003,0.0113,0.0,1019.7
155,Fe0.721C0.00970Mn0.000101Si0.0119Cr0.0875Ni0.0246Mo0.00752V0.00316Nb0.0000597Co0.134Al0.000617Ti0.000232,0.061700000000000005,0.97,13.4,8.75,72.1,0.0101,0.752,0.0,0.0059700000000000005,2.46,1.1900000000000002,0.0232,0.316,0.0,1391.8
156,Fe0.722C0.000475Mn0.000104Si0.000203Cr0.0549Ni0.109Mo0.0297V0.000112Nb0.0000614Co0.0600Al0.00190Ti0.0216,0.19,0.0475,6.0,5.489999999999999,72.2,0.0104,2.97,0.0,0.0061400000000000005,10.9,0.0203,2.16,0.0112,0.0,1164.4
157,Fe0.722C0.00797Mn0.00164Si0.00100Cr0.0322Ni0.0961Mo0.00710V0.000111Nb0.0000606Co0.131Al0.000209,0.020900000000000002,0.7969999999999999,13.100000000000001,3.2199999999999998,72.2,0.164,0.7100000000000001,0.0,0.00606,9.610000000000001,0.1,0.0,0.0111,0.0,1547.3
158,Fe0.723C0.00320Mn0.00600Si0.00587Cr0.158Ni0.0655Mo0.0129V0.000108Nb0.0000591Co0.0000932Al0.0244,2.44,0.32,0.00932,15.8,72.3,0.6,1.29,0.0,0.00591,6.550000000000001,0.587,0.0,0.010799999999999999,0.0,1463.0
159,Fe0.724C0.00140Mn0.000510Si0.00339Cr0.000108Ni0.157Mo0.000117V0.0440Nb0.0000603Co0.0656Al0.00208Ti0.00164,0.208,0.13999999999999999,6.5600000000000005,0.010799999999999999,72.39999999999999,0.051000000000000004,0.0117,0.0,0.006030000000000001,15.7,0.33899999999999997,0.164,4.3999999999999995,0.0,1536.5
160,Fe0.725C0.0155Mn0.000677Si0.0899Cr0.000102Ni0.167Mo0.000111V0.000104Nb0.0000572Co0.0000902Al0.000591,0.05910000000000001,1.55,0.00902,0.0102,72.5,0.0677,0.0111,0.0,0.00572,16.7,8.99,0.0,0.0104,0.0,1250.5
161,Fe0.727C0.000476Mn0.000104Si0.000203Cr0.0549Ni0.108Mo0.0304V0.000112Nb0.0000615Co0.0611Al0.00212Ti0.0154,0.212,0.0476,6.11,5.489999999999999,72.7,0.0104,3.04,0.0,0.00615,10.8,0.0203,1.54,0.0112,0.0,1123.1
162,Fe0.730C0.00414Mn0.0101Si0.00983Cr0.186Ni0.0395Mo0.0158V0.000108N0.00394Nb0.0000594Co0.0000937Al0.000614,0.061399999999999996,0.414,0.00937,18.6,73.0,1.01,1.58,0.394,0.00594,3.95,0.983,0.0,0.010799999999999999,0.0,1016.4
163,Fe0.731C0.00897Mn0.000103Si0.000202Cr0.0742Ni0.0271Mo0.0142V0.00312Nb0.0000610Co0.137W0.00401Al0.000631Ti0.000237,0.0631,0.897,13.700000000000001,7.42,73.1,0.0103,1.4200000000000002,0.0,0.0060999999999999995,2.71,0.0202,0.0237,0.312,0.40099999999999997,1371.1
164,Fe0.732C0.00415Mn0.00504Si0.00553Cr0.182Ni0.0395Mo0.0117V0.000109Nb0.0000597Co0.0190Al0.000616,0.0616,0.415,1.9,18.2,73.2,0.504,1.17,0.0,0.0059700000000000005,3.95,0.553,0.0,0.0109,0.0,1117.3
165,Fe0.732C0.00480Mn0.00556Si0.00533Cr0.136Ni0.0000981Mo0.000120V0.000113N0.00123Nb0.0000620Co0.0953W0.0188Al0.000640,0.064,0.48,9.53,13.600000000000001,73.2,0.5559999999999999,0.012,0.123,0.006200000000000001,0.00981,0.5329999999999999,0.0,0.0113,1.8800000000000001,1232.0
166,Fe0.733C0.00750Mn0.00164Si0.00100Cr0.0213Ni0.0964Mo0.00587V0.000111Nb0.0000606Co0.133Al0.000209,0.020900000000000002,0.75,13.3,2.13,73.3,0.164,0.587,0.0,0.00606,9.64,0.1,0.0,0.0111,0.0,1592.9
167,Fe0.734C0.00750Mn0.000615Si0.000802Cr0.0211Ni0.0974Mo0.00575V0.000111Nb0.0000606Co0.132Al0.000209Ti0.000118,0.020900000000000002,0.75,13.200000000000001,2.11,73.4,0.0615,0.575,0.0,0.00606,9.74,0.0802,0.0118,0.0111,0.0,1629.9
168,Fe0.735C0.000951Mn0.000104Si0.000203Cr0.0549Ni0.108Mo0.0286V0.000112Nb0.0000615Co0.0601Al0.00190Ti0.00978,0.19,0.0951,6.01,5.489999999999999,73.5,0.0104,2.86,0.0,0.00615,10.8,0.0203,0.9780000000000001,0.0112,0.0,1047.3
169,Fe0.735C0.00514Mn0.00593Si0.00440Cr0.128Ni0.0000957Mo0.0227V0.000110N0.000802Nb0.0000604Co0.0972Al0.000624,0.0624,0.514,9.719999999999999,12.8,73.5,0.5930000000000001,2.27,0.0802,0.006039999999999999,0.009569999999999999,0.44,0.0,0.011000000000000001,0.0,1096.5
170,Fe0.735C0.0111Mn0.000101Si0.000198Cr0.0974Ni0.0266Mo0.00754V0.00404Nb0.0000599Co0.117Al0.000619Ti0.000349,0.0619,1.11,11.700000000000001,9.74,73.5,0.0101,0.754,0.0,0.00599,2.6599999999999997,0.019799999999999998,0.0349,0.404,0.0,1615.8
171,Fe0.736C0.0107Mn0.000101Si0.000198Cr0.0964Ni0.0266Mo0.00755V0.00328Nb0.0000600Co0.118Al0.000619Ti0.000349,0.0619,1.0699999999999998,11.799999999999999,9.64,73.6,0.0101,0.755,0.0,0.006,2.6599999999999997,0.019799999999999998,0.0349,0.328,0.0,1522.7
172,Fe0.737C0.000956Mn0.000105Si0.000204Cr0.000110Ni0.127Mo0.0299V0.00530Nb0.0000618Co0.0867Al0.00426Ti0.00852,0.426,0.0956,8.67,0.011000000000000001,73.7,0.0105,2.9899999999999998,0.0,0.00618,12.7,0.0204,0.852,0.53,0.0,1061.1
173,Fe0.737C0.00836Mn0.000102Si0.000199Cr0.0977Ni0.0266Mo0.00756V0.00318Nb0.0000601Co0.118Al0.000621Ti0.000350,0.0621,0.836,11.799999999999999,9.77,73.7,0.0102,0.756,0.0,0.00601,2.6599999999999997,0.0199,0.034999999999999996,0.318,0.0,1426.2
174,Fe0.737C0.0111Mn0.000101Si0.000198Cr0.0964Ni0.0266Mo0.00755V0.00317Nb0.0000599Co0.117Al0.000619Ti0.000233,0.0619,1.11,11.700000000000001,9.64,73.7,0.0101,0.755,0.0,0.00599,2.6599999999999997,0.019799999999999998,0.0233,0.317,0.0,1564.0
175,Fe0.740C0.00457Mn0.0300Si0.00586Cr0.179Ni0.0393Mo0.000114V0.000108Nb0.0000591Co0.0000931Al0.000610,0.061,0.457,0.00931,17.9,74.0,3.0,0.0114,0.0,0.00591,3.93,0.586,0.0,0.010799999999999999,0.0,1130.4
176,Fe0.741C0.00702Mn0.00164Si0.00100Cr0.0321Ni0.0964Mo0.00586V0.000110Nb0.0000605Co0.115Al0.000208,0.0208,0.7020000000000001,11.5,3.2099999999999995,74.1,0.164,0.586,0.0,0.00605,9.64,0.1,0.0,0.011000000000000001,0.0,1455.4
177,Fe0.744C0.00414Mn0.0217Si0.00354Cr0.180Ni0.0401Mo0.00598V0.000108Nb0.0000594Co0.0000937Al0.000614,0.061399999999999996,0.414,0.00937,18.0,74.4,2.17,0.598,0.0,0.00594,4.01,0.35400000000000004,0.0,0.010799999999999999,0.0,1028.7
178,Fe0.745C0.00138Mn0.000101Si0.000197Cr0.134Ni0.0794Mo0.0129V0.000108Nb0.0000594Co0.0000937Al0.0268Ti0.000115,2.68,0.13799999999999998,0.00937,13.4,74.5,0.0101,1.29,0.0,0.00594,7.9399999999999995,0.0197,0.0115,0.010799999999999999,0.0,1521.3
179,Fe0.747C0.000899Mn0.000982Si0.0820Cr0.000104Ni0.166Mo0.000112V0.000106Nb0.0000581Co0.0000916Al0.00140Ti0.00101,0.13999999999999999,0.0899,0.00916,0.0104,74.7,0.0982,0.0112,0.0,0.00581,16.6,8.200000000000001,0.101,0.0106,0.0,1801.8
180,Fe0.748C0.00704Mn0.00164Si0.00120Cr0.0218Ni0.0967Mo0.00716V0.000111Nb0.0000606Co0.116Al0.000209,0.020900000000000002,0.7040000000000001,11.600000000000001,2.18,74.8,0.164,0.716,0.0,0.00606,9.67,0.12,0.0,0.0111,0.0,1503.4
181,Fe0.750C0.00138Mn0.000101Si0.000197Cr0.133Ni0.0789Mo0.0128V0.000109Nb0.0000596Co0.0000940Al0.0218Ti0.00104,2.18,0.13799999999999998,0.009399999999999999,13.3,75.0,0.0101,1.28,0.0,0.00596,7.89,0.0197,0.104,0.0109,0.0,1350.3
182,Fe0.750C0.00184Mn0.000101Si0.000394Cr0.133Ni0.0814Mo0.0121V0.000109Nb0.0000596Co0.0000939Al0.0205,2.0500000000000003,0.184,0.00939,13.3,75.0,0.0101,1.21,0.0,0.00596,8.14,0.0394,0.0,0.0109,0.0,1308.0
183,Fe0.751C0.00138Mn0.000101Si0.000197Cr0.133Ni0.0784Mo0.0128V0.000109N0.000395Nb0.0000596Co0.0000939Al0.0217Ti0.00104,2.17,0.13799999999999998,0.00939,13.3,75.1,0.0101,1.28,0.0395,0.00596,7.84,0.0197,0.104,0.0109,0.0,1357.9
184,Fe0.751C0.00138Mn0.000101Si0.000197Cr0.133Ni0.0784Mo0.0128V0.000109Nb0.0000596Co0.0000939Al0.0220Ti0.000578,2.1999999999999997,0.13799999999999998,0.00939,13.3,75.1,0.0101,1.28,0.0,0.00596,7.84,0.0197,0.0578,0.0109,0.0,1317.0
185,Fe0.751C0.00138Mn0.000101Si0.000197Cr0.133Ni0.0787Mo0.0128V0.000109N0.000395Nb0.0000596Co0.0000939Al0.0217Ti0.000231,2.17,0.13799999999999998,0.00939,13.3,75.1,0.0101,1.28,0.0395,0.00596,7.870000000000001,0.0197,0.0231,0.0109,0.0,1269.0
186,Fe0.751C0.00138Mn0.000101Si0.000197Cr0.134Ni0.0782Mo0.0128V0.000109N0.000395Nb0.0000596Co0.0000939Al0.0215Ti0.000116,2.15,0.13799999999999998,0.00939,13.4,75.1,0.0101,1.28,0.0395,0.00596,7.82,0.0197,0.0116,0.0109,0.0,1306.9
187,Fe0.751C0.00138Mn0.000101Si0.000197Cr0.134Ni0.0791Mo0.0129V0.000109Nb0.0000596Co0.0000940Al0.0211Ti0.000116,2.11,0.13799999999999998,0.009399999999999999,13.4,75.1,0.0101,1.29,0.0,0.00596,7.91,0.0197,0.0116,0.0109,0.0,1285.0
188,Fe0.751C0.00184Mn0.000101Si0.000197Cr0.133Ni0.0783Mo0.0129V0.000109Nb0.0000596Co0.0000939Al0.0220Ti0.000116,2.1999999999999997,0.184,0.00939,13.3,75.1,0.0101,1.29,0.0,0.00596,7.829999999999999,0.0197,0.0116,0.0109,0.0,1297.5
189,Fe0.751C0.00184Mn0.000101Si0.000197Cr0.133Ni0.0785Mo0.0128V0.000109Nb0.0000596Co0.0000939Al0.0217Ti0.000578,2.17,0.184,0.00939,13.3,75.1,0.0101,1.28,0.0,0.00596,7.85,0.0197,0.0578,0.0109,0.0,1344.0
190,Fe0.751C0.00184Mn0.000101Si0.000197Cr0.133Ni0.0786Mo0.0127V0.000109Nb0.0000596Co0.0000939Al0.0213Ti0.00116,2.13,0.184,0.00939,13.3,75.1,0.0101,1.27,0.0,0.00596,7.86,0.0197,0.116,0.0109,0.0,1348.6
191,Fe0.751C0.00563Mn0.00185Si0.00120Cr0.0218Ni0.0967Mo0.00587V0.000111Nb0.0000606Co0.116Al0.000209,0.020900000000000002,0.563,11.600000000000001,2.18,75.1,0.185,0.587,0.0,0.00606,9.67,0.12,0.0,0.0111,0.0,1463.3
192,Fe0.752C0.00138Mn0.000101Si0.000197Cr0.133Ni0.0781Mo0.0127V0.000109N0.000395Nb0.0000596Co0.0000939Al0.0215Ti0.000578,2.15,0.13799999999999998,0.00939,13.3,75.2,0.0101,1.27,0.0395,0.00596,7.8100000000000005,0.0197,0.0578,0.0109,0.0,1276.7
193,Fe0.752C0.00138Mn0.000101Si0.000197Cr0.133Ni0.0784Mo0.0128V0.000109Nb0.0000596Co0.0000940Al0.0218Ti0.000231,2.18,0.13799999999999998,0.009399999999999999,13.3,75.2,0.0101,1.28,0.0,0.00596,7.84,0.0197,0.0231,0.0109,0.0,1296.0
194,Fe0.752C0.00138Mn0.000101Si0.000197Cr0.134Ni0.0784Mo0.0128V0.000109Nb0.0000596Co0.0000940Al0.0209Ti0.000116,2.09,0.13799999999999998,0.009399999999999999,13.4,75.2,0.0101,1.28,0.0,0.00596,7.84,0.0197,0.0116,0.0109,0.0,1277.7
195,Fe0.752C0.00184Mn0.000101Si0.000197Cr0.133Ni0.0783Mo0.0128V0.000109Nb0.0000596Co0.0000940Al0.0209Ti0.00104,2.09,0.184,0.009399999999999999,13.3,75.2,0.0101,1.28,0.0,0.00596,7.829999999999999,0.0197,0.104,0.0109,0.0,1391.2
196,Fe0.752C0.00184Mn0.000101Si0.000197Cr0.133Ni0.0787Mo0.0129V0.000109Nb0.0000596Co0.0000940Al0.0213Ti0.000116,2.13,0.184,0.009399999999999999,13.3,75.2,0.0101,1.29,0.0,0.00596,7.870000000000001,0.0197,0.0116,0.0109,0.0,1312.0
197,Fe0.753C0.00138Mn0.000101Si0.000197Cr0.133Ni0.0784Mo0.0127V0.000109Nb0.0000596Co0.0000940Al0.0211Ti0.000231,2.11,0.13799999999999998,0.009399999999999999,13.3,75.3,0.0101,1.27,0.0,0.00596,7.84,0.0197,0.0231,0.0109,0.0,1276.5
198,Fe0.753C0.00929Mn0.000102Si0.000199Cr0.0880Ni0.0200Mo0.00756V0.00318Nb0.0000600Co0.117Al0.000620Ti0.000233,0.062,0.9289999999999999,11.700000000000001,8.799999999999999,75.3,0.0102,0.756,0.0,0.006,2.0,0.0199,0.0233,0.318,0.0,1357.3
199,Fe0.754C0.00184Mn0.000101Si0.000197Cr0.132Ni0.0780Mo0.0128V0.000109Nb0.0000596Co0.0000940Al0.0213Ti0.000347,2.13,0.184,0.009399999999999999,13.200000000000001,75.4,0.0101,1.28,0.0,0.00596,7.8,0.0197,0.034699999999999995,0.0109,0.0,1294.9
200,Fe0.754C0.00599Mn0.0101Si0.00493Cr0.165Ni0.0396Mo0.0159V0.000109N0.00395Nb0.0000596Co0.0000940Al0.000616,0.0616,0.599,0.009399999999999999,16.5,75.4,1.01,1.59,0.395,0.00596,3.9600000000000004,0.49300000000000005,0.0,0.0109,0.0,1155.0
201,Fe0.754C0.00640Mn0.0300Si0.00469Cr0.166Ni0.0387Mo0.000114V0.000108Nb0.0000591Co0.0000931Al0.000610,0.061,0.64,0.00931,16.6,75.4,3.0,0.0114,0.0,0.00591,3.8699999999999997,0.469,0.0,0.010799999999999999,0.0,1153.4
202,Fe0.755C0.00185Mn0.000101Si0.000198Cr0.134Ni0.0794Mo0.0127V0.000109Nb0.0000598Co0.0000942Al0.0158Ti0.000232,1.58,0.185,0.00942,13.4,75.5,0.0101,1.27,0.0,0.00598,7.9399999999999995,0.019799999999999998,0.0232,0.0109,0.0,1280.2
203,Fe0.755C0.00552Mn0.00543Si0.0236Cr0.128Ni0.0188Mo0.0173V0.00380N0.00197Nb0.00244Co0.0375Al0.000615,0.0615,0.5519999999999999,3.75,12.8,75.5,0.543,1.73,0.197,0.244,1.8800000000000001,2.36,0.0,0.38,0.0,1074.9
204,Fe0.757C0.000465Mn0.000712Si0.00219Cr0.121Ni0.0981Mo0.0119V0.000110Nb0.0000602Co0.0000948Al0.00497Ti0.00269,0.49699999999999994,0.0465,0.00948,12.1,75.7,0.0712,1.1900000000000002,0.0,0.00602,9.81,0.219,0.269,0.011000000000000001,0.0,1157.5
205,Fe0.757C0.00185Mn0.000101Si0.000791Cr0.133Ni0.0781Mo0.0127V0.000109Nb0.0000597Co0.0000942Al0.0158Ti0.000232,1.58,0.185,0.00942,13.3,75.7,0.0101,1.27,0.0,0.0059700000000000005,7.8100000000000005,0.0791,0.0232,0.0109,0.0,1280.8
206,Fe0.757C0.0186Mn0.00163Si0.000199Cr0.131Ni0.0000953Mo0.0341V0.0105Nb0.0000602Co0.0467Al0.000622,0.062200000000000005,1.8599999999999999,4.67,13.100000000000001,75.7,0.163,3.4099999999999997,0.0,0.00602,0.00953,0.0199,0.0,1.05,0.0,1667.4
207,Fe0.758C0.00142Mn0.000104Si0.000203Cr0.123Ni0.0932Mo0.000119V0.000112Nb0.0000612Co0.0000965W0.0124Al0.00822Ti0.00309,0.822,0.14200000000000002,0.00965,12.3,75.8,0.0104,0.0119,0.0,0.00612,9.32,0.0203,0.309,0.0112,1.24,1199.0
208,Fe0.758C0.00185Mn0.000101Si0.000198Cr0.132Ni0.0780Mo0.0127V0.000109Nb0.0000597Co0.0000942Al0.0167Ti0.000348,1.67,0.185,0.00942,13.200000000000001,75.8,0.0101,1.27,0.0,0.0059700000000000005,7.8,0.019799999999999998,0.0348,0.0109,0.0,1305.4
209,Fe0.759C0.000472Mn0.000103Si0.000202Cr0.000109Ni0.203Mo0.0124V0.000111Nb0.0000610Co0.0000961Al0.00273Ti0.0225,0.27299999999999996,0.0472,0.00961,0.0109,75.9,0.0103,1.24,0.0,0.0060999999999999995,20.3,0.0202,2.25,0.0111,0.0,1661.2
210,Fe0.760C0.000454Mn0.000992Si0.0640Cr0.000105Ni0.172Mo0.000114V0.000107Nb0.0000587Co0.0000925Al0.00101Ti0.00125,0.101,0.045399999999999996,0.00925,0.0105,76.0,0.09920000000000001,0.0114,0.0,0.005869999999999999,17.2,6.4,0.125,0.0107,0.0,1474.4
211,Fe0.760C0.000468Mn0.000102Si0.000200Cr0.113Ni0.0986Mo0.0181V0.000110Nb0.0000605Co0.0000953Al0.00749Ti0.00129,0.749,0.0468,0.00953,11.3,76.0,0.0102,1.81,0.0,0.00605,9.86,0.02,0.129,0.011000000000000001,0.0,1091.4
212,Fe0.762C0.000930Mn0.00752Si0.00199Cr0.110Ni0.0971Mo0.0115V0.000110Nb0.0000601Co0.0000948Al0.00621Ti0.00257,0.621,0.093,0.00948,11.0,76.2,0.752,1.15,0.0,0.00601,9.71,0.199,0.257,0.011000000000000001,0.0,1145.8
213,Fe0.763C0.000466Mn0.000509Si0.000398Cr0.114Ni0.101Mo0.0120V0.000110Nb0.0000602Co0.0000949Al0.00746Ti0.000935,0.746,0.0466,0.00949,11.4,76.3,0.0509,1.2,0.0,0.00602,10.100000000000001,0.0398,0.0935,0.011000000000000001,0.0,1194.0
214,Fe0.763C0.00479Mn0.00524Si0.00615Cr0.133Ni0.0196Mo0.000120V0.000113Nb0.0000619Co0.0488W0.0188Al0.000640,0.064,0.479,4.88,13.3,76.3,0.524,0.012,0.0,0.00619,1.96,0.615,0.0,0.0113,1.8800000000000001,1235.9
215,Fe0.763Mn0.00102Si0.00814Cr0.109Ni0.0988Mo0.0116V0.000109Nb0.0000600Co0.0000946Al0.00517Ti0.00268,0.517,0.0,0.00946,10.9,76.3,0.10200000000000001,1.16,0.0,0.006,9.879999999999999,0.814,0.268,0.0109,0.0,1221.6
216,Fe0.764C0.000467Mn0.000511Si0.00200Cr0.0831Ni0.117Mo0.0178V0.000110Nb0.0000604Co0.0000952Al0.0131Ti0.00234,1.31,0.046700000000000005,0.009519999999999999,8.309999999999999,76.4,0.05109999999999999,1.78,0.0,0.006039999999999999,11.700000000000001,0.2,0.234,0.011000000000000001,0.0,1506.8
217,Fe0.765C0.000909Mn0.00109Si0.0618Cr0.000105Ni0.170Mo0.000114V0.000107Nb0.0000587Co0.0000926Al0.000607,0.060700000000000004,0.0909,0.009260000000000001,0.0105,76.5,0.109,0.0114,0.0,0.005869999999999999,17.0,6.18,0.0,0.0107,0.0,1419.4
218,Fe0.765Mn0.000713Si0.00199Cr0.112Ni0.0992Mo0.0128V0.000110Nb0.0000603Co0.0000950Al0.00519Ti0.00281,0.519,0.0,0.0095,11.200000000000001,76.5,0.0713,1.28,0.0,0.006030000000000001,9.92,0.199,0.281,0.011000000000000001,0.0,1224.7
219,Fe0.765Mn0.00112Si0.00597Cr0.110Ni0.0990Mo0.0119V0.000110Nb0.0000601Co0.0000948Al0.00414Ti0.00257,0.414,0.0,0.00948,11.0,76.5,0.11199999999999999,1.1900000000000002,0.0,0.00601,9.9,0.597,0.257,0.011000000000000001,0.0,1173.8
220,Fe0.766C0.000468Mn0.000819Si0.00100Cr0.102Ni0.103Mo0.0188V0.000110Nb0.0000606Co0.0000955Al0.00563Ti0.00259,0.563,0.0468,0.009550000000000001,10.2,76.6,0.0819,1.8800000000000001,0.0,0.00606,10.299999999999999,0.1,0.259,0.011000000000000001,0.0,1267.8
221,Fe0.766C0.00140Mn0.000102Si0.000199Cr0.115Ni0.0900Mo0.0143V0.000110Nb0.0000601Co0.0000948Al0.00952Ti0.00327,0.9520000000000001,0.13999999999999999,0.00948,11.5,76.6,0.0102,1.43,0.0,0.00601,9.0,0.0199,0.327,0.011000000000000001,0.0,1182.0
222,Fe0.766Mn0.000510Si0.000399Cr0.121Ni0.0945Mo0.0120V0.000110Nb0.0000603Co0.0000950Al0.00270Ti0.00351,0.27,0.0,0.0095,12.1,76.6,0.051000000000000004,1.2,0.0,0.006030000000000001,9.45,0.0399,0.35100000000000003,0.011000000000000001,0.0,1172.0
223,Fe0.766Mn0.00366Si0.00159Cr0.110Ni0.0981Mo0.0118V0.000110Nb0.0000602Co0.0000949Al0.00622Ti0.00269,0.622,0.0,0.00949,11.0,76.6,0.366,1.18,0.0,0.00602,9.81,0.159,0.269,0.011000000000000001,0.0,1178.9
224,Fe0.766Mn0.00448Si0.00159Cr0.109Ni0.0981Mo0.0117V0.000110Nb0.0000602Co0.0000949Al0.00622Ti0.00257,0.622,0.0,0.00949,10.9,76.6,0.44799999999999995,1.17,0.0,0.00602,9.81,0.159,0.257,0.011000000000000001,0.0,1163.0
225,Fe0.767C0.000465Mn0.00112Si0.00358Cr0.110Ni0.0981Mo0.0119V0.000110Nb0.0000601Co0.0000948Al0.00559Ti0.00257,0.559,0.0465,0.00948,11.0,76.7,0.11199999999999999,1.1900000000000002,0.0,0.00601,9.81,0.358,0.257,0.011000000000000001,0.0,1175.4
226,Fe0.768C0.000466Mn0.000306Si0.000598Cr0.110Ni0.100Mo0.0128V0.000110Nb0.0000603Co0.0000951Al0.00478Ti0.00281,0.47800000000000004,0.0466,0.00951,11.0,76.8,0.030600000000000002,1.28,0.0,0.006030000000000001,10.0,0.0598,0.281,0.011000000000000001,0.0,1340.8
227,Fe0.768C0.000466Mn0.00122Si0.00119Cr0.111Ni0.0972Mo0.0119V0.000110Nb0.0000602Co0.0000949Al0.00642Ti0.00245,0.642,0.0466,0.00949,11.1,76.8,0.122,1.1900000000000002,0.0,0.00602,9.719999999999999,0.11900000000000001,0.245,0.011000000000000001,0.0,1258.8
228,Fe0.768C0.000468Mn0.000512Si0.00180Cr0.0827Ni0.117Mo0.0179V0.000110Nb0.0000605Co0.0000954Al0.00958Ti0.00235,0.958,0.0468,0.00954,8.27,76.8,0.051199999999999996,1.79,0.0,0.00605,11.700000000000001,0.18,0.23500000000000001,0.011000000000000001,0.0,1414.5
229,Fe0.768C0.000931Mn0.00244Si0.00199Cr0.110Ni0.0981Mo0.0113V0.000110Nb0.0000602Co0.0000948Al0.00497Ti0.00269,0.49699999999999994,0.0931,0.00948,11.0,76.8,0.244,1.13,0.0,0.00602,9.81,0.199,0.269,0.011000000000000001,0.0,1167.2
230,Fe0.769Mn0.000509Si0.000398Cr0.112Ni0.0953Mo0.0119V0.000110Nb0.0000602Co0.0000949Al0.00725Ti0.00362,0.7250000000000001,0.0,0.00949,11.200000000000001,76.9,0.0509,1.1900000000000002,0.0,0.00602,9.53,0.0398,0.362,0.011000000000000001,0.0,1282.2
231,Fe0.770C0.000470Mn0.000103Si0.000201Cr0.000109Ni0.168Mo0.0124V0.0222Nb0.0000607Co0.0000957Al0.00251Ti0.0236,0.251,0.047,0.009569999999999999,0.0109,77.0,0.0103,1.24,0.0,0.00607,16.8,0.0201,2.36,2.22,0.0,1998.6
232,Fe0.770C0.000930Mn0.00488Si0.00199Cr0.107Ni0.0952Mo0.0112V0.000110Nb0.0000601Co0.0000948Al0.00600Ti0.00245,0.6,0.093,0.00948,10.7,77.0,0.488,1.1199999999999999,0.0,0.00601,9.520000000000001,0.199,0.245,0.011000000000000001,0.0,1188.6
233,Fe0.770Mn0.000509Si0.000398Cr0.111Ni0.0972Mo0.0120V0.000110Nb0.0000602Co0.0000949Al0.00726Ti0.00199,0.726,0.0,0.00949,11.1,77.0,0.0509,1.2,0.0,0.00602,9.719999999999999,0.0398,0.199,0.011000000000000001,0.0,1243.0
234,Fe0.771Mn0.00122Si0.00140Cr0.107Ni0.100Mo0.0123V0.000110Nb0.0000603Co0.0000950Al0.00477Ti0.00257,0.477,0.0,0.0095,10.7,77.10000000000001,0.122,1.23,0.0,0.006030000000000001,10.0,0.13999999999999999,0.257,0.011000000000000001,0.0,1150.6
235,Fe0.772C0.0169Mn0.00226Si0.000201Cr0.0732Ni0.0000961Mo0.0338V0.0106Nb0.0000607Co0.0905Al0.000627,0.06269999999999999,1.69,9.049999999999999,7.32,77.2,0.22599999999999998,3.38,0.0,0.00607,0.00961,0.0201,0.0,1.06,0.0,1846.5
236,Fe0.773C0.000933Mn0.000612Si0.00259Cr0.112Ni0.0945Mo0.0126V0.000110Nb0.0000603Co0.0000950Al0.00187Ti0.00152,0.187,0.09330000000000001,0.0095,11.200000000000001,77.3,0.061200000000000004,1.26,0.0,0.006030000000000001,9.45,0.259,0.152,0.011000000000000001,0.0,1005.9
237,Fe0.773C0.00141Mn0.000512Si0.00220Cr0.0812Ni0.116Mo0.0179V0.000110Nb0.0000606Co0.0000955Al0.00522Ti0.00235,0.522,0.14100000000000001,0.009550000000000001,8.12,77.3,0.051199999999999996,1.79,0.0,0.00606,11.600000000000001,0.22,0.23500000000000001,0.011000000000000001,0.0,1218.8
238,Fe0.774Mn0.000511Si0.000599Cr0.111Ni0.0985Mo0.0120V0.000110Nb0.0000604Co0.0000952Al0.00187Ti0.00105,0.187,0.0,0.009519999999999999,11.1,77.4,0.05109999999999999,1.2,0.0,0.006039999999999999,9.85,0.0599,0.105,0.011000000000000001,0.0,1032.1
239,Fe0.777C0.000470Mn0.000719Si0.00201Cr0.0836Ni0.115Mo0.0178V0.000111Nb0.0000607Co0.0000958Al0.00167Ti0.000707,0.167,0.047,0.00958,8.36,77.7,0.0719,1.78,0.0,0.00607,11.5,0.201,0.0707,0.0111,0.0,1010.8
240,Fe0.777C0.00140Mn0.000102Si0.000199Cr0.122Ni0.0824Mo0.000117V0.000110Nb0.0000603Co0.0000950W0.00561Al0.00810Ti0.00316,0.8099999999999999,0.13999999999999999,0.0095,12.2,77.7,0.0102,0.0117,0.0,0.006030000000000001,8.24,0.0199,0.316,0.011000000000000001,0.561,1194.0
241,Fe0.778C0.000465Mn0.000813Si0.00238Cr0.0966Ni0.0808Mo0.0189V0.000110Nb0.0000601Co0.0000947Al0.0186Ti0.00268,1.8599999999999999,0.0465,0.00947,9.66,77.8,0.0813,1.8900000000000001,0.0,0.00601,8.08,0.23800000000000002,0.268,0.011000000000000001,0.0,1462.7
242,Fe0.778C0.000931Mn0.000611Si0.00159Cr0.0796Ni0.0981Mo0.0189V0.000110Nb0.0000602Co0.0000949Al0.0189Ti0.00269,1.8900000000000001,0.0931,0.00949,7.960000000000001,77.8,0.0611,1.8900000000000001,0.0,0.00602,9.81,0.159,0.269,0.011000000000000001,0.0,1555.8
243,Fe0.778Mn0.00122Si0.00159Cr0.112Ni0.0876Mo0.0115V0.000110Nb0.0000602Co0.0000949Al0.00539Ti0.00245,0.539,0.0,0.00949,11.200000000000001,77.8,0.122,1.15,0.0,0.00602,8.76,0.159,0.245,0.011000000000000001,0.0,1207.8
244,Fe0.779C0.000946Mn0.000103Si0.000202Cr0.000109Ni0.173Mo0.0184V0.0100Nb0.0000611Co0.0000964Al0.00147Ti0.0166,0.147,0.0946,0.00964,0.0109,77.9,0.0103,1.8399999999999999,0.0,0.006109999999999999,17.299999999999997,0.0202,1.66,1.0,0.0,1730.2
245,Fe0.779C0.00139Mn0.000101Si0.000198Cr0.114Ni0.0973Mo0.000116V0.000109Nb0.0000597Co0.0000941Al0.00432Ti0.00359,0.432,0.13899999999999998,0.00941,11.4,77.9,0.0101,0.0116,0.0,0.0059700000000000005,9.73,0.019799999999999998,0.359,0.0109,0.0,1125.0
246,Fe0.779C0.00141Mn0.000103Si0.000201Cr0.000109Ni0.174Mo0.0130V0.000111Nb0.0000608Co0.0000959Al0.00209Ti0.0295,0.209,0.14100000000000001,0.00959,0.0109,77.9,0.0103,1.3,0.0,0.00608,17.4,0.0201,2.9499999999999997,0.0111,0.0,2006.0
247,Fe0.779C0.00141Mn0.000103Si0.000201Cr0.000109Ni0.174Mo0.0130V0.000111Nb0.0000608Co0.0000959Al0.00230Ti0.0295,0.22999999999999998,0.14100000000000001,0.00959,0.0109,77.9,0.0103,1.3,0.0,0.00608,17.4,0.0201,2.9499999999999997,0.0111,0.0,2005.5
248,Fe0.780C0.000457Mn0.000599Si0.0504Cr0.000106Ni0.166Mo0.000114V0.000108Nb0.0000591Co0.0000931Al0.00102Ti0.000802,0.10200000000000001,0.0457,0.00931,0.0106,78.0,0.0599,0.0114,0.0,0.00591,16.6,5.04,0.0802,0.010799999999999999,0.0,1309.1
249,Fe0.780C0.000465Mn0.00122Si0.00159Cr0.105Ni0.0953Mo0.00991V0.000110Nb0.0000602Co0.0000949Al0.00414Ti0.00222,0.414,0.0465,0.00949,10.5,78.0,0.122,0.991,0.0,0.00602,9.53,0.159,0.22200000000000003,0.011000000000000001,0.0,1087.0
250,Fe0.780C0.000467Mn0.000510Si0.00200Cr0.0830Ni0.0993Mo0.0179V0.000110Nb0.0000603Co0.0000951Al0.0139Ti0.00234,1.39,0.046700000000000005,0.00951,8.3,78.0,0.051000000000000004,1.79,0.0,0.006030000000000001,9.93,0.2,0.234,0.011000000000000001,0.0,1475.8
251,Fe0.781C0.000475Mn0.000104Si0.000203Cr0.000110Ni0.173Mo0.0184V0.0112Nb0.0000613Co0.0000967W0.00102Al0.00106Ti0.0131,0.106,0.0475,0.00967,0.011000000000000001,78.10000000000001,0.0104,1.8399999999999999,0.0,0.00613,17.299999999999997,0.0203,1.31,1.1199999999999999,0.10200000000000001,1688.1
252,Fe0.781C0.00141Mn0.000103Si0.000201Cr0.000109Ni0.167Mo0.000118V0.0200Nb0.0152Co0.0000960Al0.00210Ti0.0126,0.21,0.14100000000000001,0.009600000000000001,0.0109,78.10000000000001,0.0103,0.0118,0.0,1.52,16.7,0.0201,1.26,2.0,0.0,1730.2
253,Fe0.782C0.0181Mn0.00187Si0.000203Cr0.0816Ni0.0000973Mo0.0576V0.0108Nb0.0000615Co0.0476Al0.000635,0.0635,1.81,4.760000000000001,8.16,78.2,0.187,5.76,0.0,0.00615,0.009729999999999999,0.0203,0.0,1.08,0.0,1577.8
254,Fe0.783C0.0187Mn0.00184Si0.000200Cr0.104Ni0.0000955Mo0.0341V0.0106Nb0.0000603Co0.0463Al0.000623,0.062299999999999994,1.87,4.63,10.4,78.3,0.184,3.4099999999999997,0.0,0.006030000000000001,0.009550000000000001,0.02,0.0,1.06,0.0,1798.3
255,Fe0.784C0.000919Mn0.00100Si0.0397Cr0.000106Ni0.173Mo0.000115V0.000108Nb0.0000594Co0.0000936Al0.000614,0.061399999999999996,0.0919,0.00936,0.0106,78.4,0.1,0.0115,0.0,0.00594,17.299999999999997,3.9699999999999998,0.0,0.010799999999999999,0.0,1298.8
256,Fe0.785C0.000467Mn0.000511Si0.00180Cr0.0820Ni0.0985Mo0.0178V0.000110Nb0.0000604Co0.0000952Al0.0108Ti0.00235,1.08,0.046700000000000005,0.009519999999999999,8.200000000000001,78.5,0.05109999999999999,1.78,0.0,0.006039999999999999,9.85,0.18,0.23500000000000001,0.011000000000000001,0.0,1383.5
257,Fe0.785C0.000931Mn0.000102Si0.000199Cr0.000108Ni0.167Mo0.000117V0.0209Nb0.0000602Co0.0000949Al0.00187Ti0.0241,0.187,0.0931,0.00949,0.010799999999999999,78.5,0.0102,0.0117,0.0,0.00602,16.7,0.0199,2.41,2.09,0.0,1730.2
258,Fe0.786C0.000469Mn0.000512Si0.00120Cr0.0576Ni0.124Mo0.0172V0.000110Nb0.0000606Co0.0000955Al0.0106Ti0.00235,1.06,0.046900000000000004,0.009550000000000001,5.76,78.60000000000001,0.051199999999999996,1.72,0.0,0.00606,12.4,0.12,0.23500000000000001,0.011000000000000001,0.0,1404.2
259,Fe0.786C0.000473Mn0.000310Si0.000202Cr0.000109Ni0.175Mo0.0182V0.000112Nb0.0000612Co0.0000965Al0.00190Ti0.0167,0.19,0.0473,0.00965,0.0109,78.60000000000001,0.031,1.82,0.0,0.00612,17.5,0.0202,1.67,0.0112,0.0,1641.2
260,Fe0.787C0.000474Mn0.000207Si0.000203Cr0.000109Ni0.176Mo0.0181V0.000112Nb0.0000612Co0.0000965Al0.00190Ti0.0150,0.19,0.0474,0.00965,0.0109,78.7,0.0207,1.81,0.0,0.00612,17.599999999999998,0.0203,1.5,0.0112,0.0,1599.4
261,Fe0.787C0.0137Mn0.000103Si0.000202Cr0.0111Ni0.101Mo0.0118V0.00111Nb0.0000610Co0.0689W0.00394Al0.000630Ti0.000118,0.063,1.37,6.890000000000001,1.11,78.7,0.0103,1.18,0.0,0.0060999999999999995,10.100000000000001,0.0202,0.0118,0.11100000000000002,0.394,1683.0
262,Fe0.788Mn0.000104Si0.000203Cr0.000109Ni0.176Mo0.0184V0.000112Nb0.0000613Co0.0000966Al0.00105Ti0.0166,0.105,0.0,0.00966,0.0109,78.8,0.0104,1.8399999999999999,0.0,0.00613,17.599999999999998,0.0203,1.66,0.0112,0.0,1716.3
263,Fe0.789C0.00143Mn0.000104Si0.000204Cr0.000110Ni0.181Mo0.000119V0.000112Nb0.0000617Co0.0000972W0.00935Al0.00212Ti0.0168,0.212,0.14300000000000002,0.009720000000000001,0.011000000000000001,78.9,0.0104,0.0119,0.0,0.006169999999999999,18.099999999999998,0.0204,1.68,0.0112,0.935,1600.0
264,Fe0.789Mn0.000719Si0.00161Cr0.0814Ni0.101Mo0.0194V0.000111Nb0.0000607Co0.0000957Al0.00439Ti0.00271,0.439,0.0,0.009569999999999999,8.14,78.9,0.0719,1.94,0.0,0.00607,10.100000000000001,0.161,0.271,0.0111,0.0,1263.6
265,Fe0.792C0.000470Mn0.000411Si0.00201Cr0.0862Ni0.0980Mo0.0181V0.000111Nb0.0000607Co0.0000957Al0.00167Ti0.000589,0.167,0.047,0.009569999999999999,8.62,79.2,0.041100000000000005,1.81,0.0,0.00607,9.8,0.201,0.0589,0.0111,0.0,1061.7
266,Fe0.793C0.000468Mn0.000819Si0.00240Cr0.0962Ni0.0800Mo0.0190V0.000110Nb0.0000605Co0.0000954Al0.00521Ti0.00235,0.521,0.0468,0.00954,9.62,79.3,0.0819,1.9,0.0,0.00605,8.0,0.24,0.23500000000000001,0.011000000000000001,0.0,1169.2
267,Fe0.794C0.000470Mn0.000617Si0.00101Cr0.0847Ni0.0981Mo0.0188V0.000111Nb0.0000608Co0.0000958Al0.00126Ti0.00118,0.126,0.047,0.00958,8.469999999999999,79.4,0.061700000000000005,1.8800000000000001,0.0,0.00608,9.81,0.101,0.11800000000000001,0.0111,0.0,1036.9
268,Fe0.795C0.00141Mn0.000717Si0.000801Cr0.0963Ni0.0810Mo0.0191V0.000110Nb0.0000606Co0.0000955Al0.00313Ti0.00270,0.313,0.14100000000000001,0.009550000000000001,9.629999999999999,79.5,0.0717,1.91,0.0,0.00606,8.1,0.08009999999999999,0.27,0.011000000000000001,0.0,1150.6
269,Fe0.796C0.000469Mn0.000103Si0.000201Cr0.000108Ni0.174Mo0.00587V0.000111Nb0.0000606Co0.0000956Al0.00167Ti0.0212,0.167,0.046900000000000004,0.00956,0.010799999999999999,79.60000000000001,0.0103,0.587,0.0,0.00606,17.4,0.0201,2.12,0.0111,0.0,1737.2
270,Fe0.797C0.000939Mn0.00215Si0.00381Cr0.0540Ni0.118Mo0.0175V0.000111Nb0.0000607Co0.0000957Al0.00481Ti0.00165,0.481,0.0939,0.009569999999999999,5.4,79.7,0.215,1.7500000000000002,0.0,0.00607,11.799999999999999,0.381,0.165,0.0111,0.0,1194.0
271,Fe0.798C0.000469Mn0.000820Si0.00100Cr0.0504Ni0.116Mo0.0184V0.000111Nb0.0000606Co0.0000955Al0.0119Ti0.00235,1.1900000000000002,0.046900000000000004,0.009550000000000001,5.04,79.80000000000001,0.082,1.8399999999999999,0.0,0.00606,11.600000000000001,0.1,0.23500000000000001,0.0111,0.0,1390.4
272,Fe0.799C0.000468Mn0.0256Si0.000401Cr0.000108Ni0.173Mo0.000117V0.000110Nb0.0000605Co0.0000955Al0.00104Ti0.000470,0.104,0.0468,0.009550000000000001,0.010799999999999999,79.9,2.56,0.0117,0.0,0.00605,17.299999999999997,0.0401,0.047,0.011000000000000001,0.0,1471.1
273,Fe0.799C0.000469Mn0.000513Si0.00241Cr0.0520Ni0.117Mo0.0176V0.000111Nb0.0000606Co0.0000956Al0.00835Ti0.00224,0.835,0.046900000000000004,0.00956,5.2,79.9,0.0513,1.76,0.0,0.00606,11.700000000000001,0.241,0.22399999999999998,0.0111,0.0,1272.6
274,Fe0.799C0.000470Mn0.000103Si0.000201Cr0.000108Ni0.167Mo0.00847V0.000111Nb0.0000607Co0.0000957Al0.00167Ti0.0224,0.167,0.047,0.009569999999999999,0.010799999999999999,79.9,0.0103,0.847,0.0,0.00607,16.7,0.0201,2.2399999999999998,0.0111,0.0,1392.4
275,Fe0.799C0.000471Mn0.000103Si0.000201Cr0.000109Ni0.165Mo0.0118V0.000111Nb0.0000609Co0.0000960Al0.00147Ti0.0215,0.147,0.0471,0.009600000000000001,0.0109,79.9,0.0103,1.18,0.0,0.00609,16.5,0.0201,2.15,0.0111,0.0,1874.6
276,Fe0.799C0.000936Mn0.000102Si0.000200Cr0.000108Ni0.170Mo0.00375V0.000110Nb0.0000605Co0.0000954Al0.00167Ti0.0238,0.167,0.0936,0.00954,0.010799999999999999,79.9,0.0102,0.375,0.0,0.00605,17.0,0.02,2.3800000000000003,0.011000000000000001,0.0,1730.2
277,Fe0.800C0.000470Mn0.000616Si0.000602Cr0.0506Ni0.117Mo0.0186V0.000111Nb0.0000607Co0.0000957Al0.00982Ti0.00224,0.9820000000000001,0.047,0.009569999999999999,5.06,80.0,0.0616,1.8599999999999999,0.0,0.00607,11.700000000000001,0.0602,0.22399999999999998,0.0111,0.0,1390.4
278,Fe0.801C0.000469Mn0.00103Si0.00361Cr0.0528Ni0.116Mo0.0175V0.000111Nb0.0000607Co0.0000957Al0.00522Ti0.00177,0.522,0.046900000000000004,0.009569999999999999,5.28,80.10000000000001,0.10300000000000001,1.7500000000000002,0.0,0.00607,11.600000000000001,0.361,0.17700000000000002,0.0111,0.0,1230.6
279,Fe0.801C0.000470Mn0.000205Si0.000603Cr0.0543Ni0.117Mo0.0176V0.000111Nb0.0000607Co0.0000958Al0.00648Ti0.00248,0.6479999999999999,0.047,0.00958,5.43,80.10000000000001,0.0205,1.76,0.0,0.00607,11.700000000000001,0.0603,0.248,0.0111,0.0,1309.8
280,Fe0.801C0.000934Mn0.000102Si0.000200Cr0.000108Ni0.171Mo0.00175V0.000110Nb0.0000604Co0.0000952Al0.00208Ti0.0229,0.208,0.09340000000000001,0.009519999999999999,0.010799999999999999,80.10000000000001,0.0102,0.17500000000000002,0.0,0.006039999999999999,17.1,0.02,2.29,0.011000000000000001,0.0,1674.6
281,Fe0.801C0.000939Mn0.000821Si0.000803Cr0.0513Ni0.116Mo0.0185V0.000111Nb0.0000607Co0.0000957Al0.00794Ti0.00271,0.7939999999999999,0.0939,0.009569999999999999,5.13,80.10000000000001,0.0821,1.8499999999999999,0.0,0.00607,11.600000000000001,0.0803,0.271,0.0111,0.0,1243.6
282,Fe0.802C0.000468Mn0.000512Si0.00120Cr0.0526Ni0.111Mo0.0173V0.000110Nb0.0000605Co0.0000954Al0.0121Ti0.00258,1.21,0.0468,0.00954,5.26,80.2,0.051199999999999996,1.73,0.0,0.00605,11.1,0.12,0.258,0.011000000000000001,0.0,1437.3
283,Fe0.802C0.000470Mn0.000308Si0.00221Cr0.0518Ni0.117Mo0.0178V0.000111Nb0.0000607Co0.0000958Al0.00544Ti0.00236,0.544,0.047,0.00958,5.18,80.2,0.0308,1.78,0.0,0.00607,11.700000000000001,0.22100000000000003,0.23600000000000002,0.0111,0.0,1216.8
284,Fe0.802C0.0174Mn0.00185Si0.000201Cr0.0805Ni0.0000962Mo0.0403V0.0106Nb0.0000608Co0.0468Al0.000628,0.0628,1.7399999999999998,4.68,8.05,80.2,0.185,4.03,0.0,0.00608,0.00962,0.0201,0.0,1.06,0.0,1784.5
285,Fe0.802Mn0.000410Si0.00120Cr0.0543Ni0.114Mo0.0175V0.000111Nb0.0000607Co0.0000957Al0.00815Ti0.00236,0.815,0.0,0.009569999999999999,5.43,80.2,0.041,1.7500000000000002,0.0,0.00607,11.4,0.12,0.23600000000000002,0.0111,0.0,1324.3
286,Fe0.803C0.000460Mn0.000402Si0.0368Cr0.000106Ni0.157Mo0.000115V0.000108Nb0.0000594Co0.0000937Al0.00102Ti0.000923,0.10200000000000001,0.046,0.00937,0.0106,80.30000000000001,0.0402,0.0115,0.0,0.00594,15.7,3.6799999999999997,0.0923,0.010799999999999999,0.0,1188.5
287,Fe0.803C0.000470Mn0.000823Si0.000805Cr0.0511Ni0.117Mo0.0184V0.000111Nb0.0000608Co0.0000959Al0.00544Ti0.00224,0.544,0.047,0.00959,5.11,80.30000000000001,0.0823,1.8399999999999999,0.0,0.00608,11.700000000000001,0.0805,0.22399999999999998,0.0111,0.0,1212.6
288,Fe0.803C0.0168Mn0.00215Si0.000200Cr0.0834Ni0.0000957Mo0.0334V0.0127Nb0.0000605Co0.0470Al0.000625,0.0625,1.68,4.7,8.34,80.30000000000001,0.215,3.34,0.0,0.00605,0.009569999999999999,0.02,0.0,1.27,0.0,1819.0
289,Fe0.803C0.0174Mn0.00236Si0.000201Cr0.0779Ni0.0000960Mo0.0335V0.0122Nb0.00473Co0.0477Al0.000627,0.06269999999999999,1.7399999999999998,4.77,7.79,80.30000000000001,0.23600000000000002,3.35,0.0,0.473,0.009600000000000001,0.0201,0.0,1.22,0.0,1340.1
290,Fe0.803Mn0.000512Si0.00120Cr0.0520Ni0.110Mo0.0173V0.000110Nb0.0000605Co0.0000954Al0.0137Ti0.00235,1.37,0.0,0.00954,5.2,80.30000000000001,0.051199999999999996,1.73,0.0,0.00605,11.0,0.12,0.23500000000000001,0.011000000000000001,0.0,1451.7
291,Fe0.804C0.0166Mn0.00238Si0.000202Cr0.0782Ni0.0000969Mo0.0343V0.0114Nb0.0000612Co0.0473W0.00476Al0.000632,0.06319999999999999,1.66,4.73,7.82,80.4,0.23800000000000002,3.4299999999999997,0.0,0.00612,0.009689999999999999,0.0202,0.0,1.1400000000000001,0.47600000000000003,1688.1
292,Fe0.805C0.000470Mn0.000719Si0.000804Cr0.0496Ni0.116Mo0.0184V0.000111Nb0.0000608Co0.0000958Al0.00711Ti0.00212,0.711,0.047,0.00958,4.96,80.5,0.0719,1.8399999999999999,0.0,0.00608,11.600000000000001,0.0804,0.212,0.0111,0.0,1254.0
293,Fe0.806C0.000468Mn0.0176Si0.000401Cr0.000108Ni0.174Mo0.000117V0.000110Nb0.0000606Co0.0000955Al0.00104Ti0.000705,0.104,0.0468,0.009550000000000001,0.010799999999999999,80.60000000000001,1.76,0.0117,0.0,0.00606,17.4,0.0401,0.07050000000000001,0.011000000000000001,0.0,1136.9
294,Fe0.806C0.0176Mn0.00181Si0.000209Cr0.0802Ni0.0000999Mo0.00153V0.0124Nb0.0000631Co0.0501W0.0293Al0.000652,0.06520000000000001,1.76,5.01,8.02,80.60000000000001,0.181,0.153,0.0,0.0063100000000000005,0.00999,0.020900000000000002,0.0,1.24,2.93,1681.2
295,Fe0.807C0.000470Mn0.000513Si0.00221Cr0.0501Ni0.116Mo0.0164V0.000111Nb0.0000607Co0.0000957Al0.00439Ti0.00236,0.439,0.047,0.009569999999999999,5.01,80.7,0.0513,1.6400000000000001,0.0,0.00607,11.600000000000001,0.22100000000000003,0.23600000000000002,0.0111,0.0,1167.2
296,Fe0.808C0.0201Mn0.00214Si0.000200Cr0.0770Ni0.0000955Mo0.0328V0.0112Nb0.0000603Co0.0475Al0.000623,0.062299999999999994,2.01,4.75,7.7,80.80000000000001,0.214,3.2800000000000002,0.0,0.006030000000000001,0.009550000000000001,0.02,0.0,1.1199999999999999,0.0,1736.3
297,Fe0.810C0.000940Mn0.000103Si0.000201Cr0.000109Ni0.151Mo0.0118V0.000111Nb0.0000608Co0.0000958Al0.00209Ti0.0234,0.209,0.094,0.00958,0.0109,81.0,0.0103,1.18,0.0,0.00608,15.1,0.0201,2.34,0.0111,0.0,1723.2
298,Fe0.811C0.0182Mn0.00225Si0.000200Cr0.0755Ni0.0000957Mo0.0337V0.0119Nb0.0000605Co0.0467Al0.000625,0.0625,1.82,4.67,7.55,81.10000000000001,0.22499999999999998,3.37,0.0,0.00605,0.009569999999999999,0.02,0.0,1.1900000000000002,0.0,1688.1
299,Fe0.812C0.000934Mn0.000715Si0.00220Cr0.0507Ni0.0975Mo0.0181V0.000110Nb0.0000604Co0.0000952Al0.0146Ti0.00258,1.46,0.09340000000000001,0.009519999999999999,5.07,81.2,0.07150000000000001,1.81,0.0,0.006039999999999999,9.75,0.22,0.258,0.011000000000000001,0.0,1420.0
300,Fe0.813C0.0187Mn0.00143Si0.000200Cr0.0800Ni0.0000957Mo0.0337V0.00617Nb0.0000604Co0.0460Al0.000624,0.0624,1.87,4.6,8.0,81.3,0.14300000000000002,3.37,0.0,0.006039999999999999,0.009569999999999999,0.02,0.0,0.617,0.0,1805.2
301,Fe0.814C0.000937Mn0.000717Si0.00200Cr0.0522Ni0.0977Mo0.0188V0.000110Nb0.0000605Co0.0000954Al0.0108Ti0.00282,1.08,0.0937,0.00954,5.220000000000001,81.39999999999999,0.0717,1.8800000000000001,0.0,0.00605,9.77,0.2,0.28200000000000003,0.011000000000000001,0.0,1304.3
302,Fe0.814C0.0169Mn0.00236Si0.000201Cr0.0710Ni0.0000960Mo0.0338V0.00951Nb0.00249Co0.0488Al0.000627,0.06269999999999999,1.69,4.88,7.1,81.39999999999999,0.23600000000000002,3.38,0.0,0.249,0.009600000000000001,0.0201,0.0,0.951,0.0,1653.6
303,Fe0.816C0.000937Mn0.000102Si0.000200Cr0.000108Ni0.147Mo0.00821V0.000110Nb0.0000606Co0.0000955Al0.00250Ti0.0247,0.25,0.0937,0.009550000000000001,0.010799999999999999,81.6,0.0102,0.8210000000000001,0.0,0.00606,14.7,0.02,2.4699999999999998,0.011000000000000001,0.0,1792.2
304,Fe0.818C0.0178Mn0.00194Si0.000200Cr0.0799Ni0.0000958Mo0.0337V0.000662Nb0.0000605Co0.0466Al0.000625,0.0625,1.78,4.66,7.99,81.8,0.194,3.37,0.0,0.00605,0.00958,0.02,0.0,0.06620000000000001,0.0,1564.0
305,Fe0.819C0.00507Mn0.00686Si0.00493Cr0.127Ni0.0225Mo0.0102V0.00359N0.000791Nb0.0000596Co0.0000940Al0.000616,0.0616,0.507,0.009399999999999999,12.7,81.89999999999999,0.6859999999999999,1.02,0.0791,0.00596,2.25,0.49300000000000005,0.0,0.359,0.0,1021.0
306,Fe0.819C0.0150Mn0.00236Si0.000201Cr0.0716Ni0.0000960Mo0.0338V0.0102Nb0.0000606Co0.0468Al0.000626,0.0626,1.5,4.68,7.16,81.89999999999999,0.23600000000000002,3.38,0.0,0.00606,0.009600000000000001,0.0201,0.0,1.02,0.0,1681.2
307,Fe0.822C0.000470Mn0.000616Si0.00161Cr0.0512Ni0.0971Mo0.0184V0.000111Nb0.0000607Co0.0000957Al0.00523Ti0.00271,0.523,0.047,0.009569999999999999,5.12,82.19999999999999,0.0616,1.8399999999999999,0.0,0.00607,9.71,0.161,0.271,0.0111,0.0,1172.0
308,Fe0.823C0.0176Mn0.00183Si0.000198Cr0.0779Ni0.0000949Mo0.0219V0.0105Nb0.0000600Co0.0463Al0.000620,0.062,1.76,4.63,7.79,82.3,0.183,2.19,0.0,0.006,0.00949,0.019799999999999998,0.0,1.05,0.0,1722.5
309,Fe0.823Mn0.000618Si0.00101Cr0.0561Ni0.0984Mo0.0189V0.000111Nb0.0000609Co0.0000961Al0.000629Ti0.00106,0.0629,0.0,0.00961,5.609999999999999,82.3,0.061799999999999994,1.8900000000000001,0.0,0.00609,9.84,0.101,0.106,0.0111,0.0,1019.0
310,Fe0.825C0.0174Mn0.00175Si0.000201Cr0.0565Ni0.0000963Mo0.0344V0.0116Nb0.00554Co0.0468Al0.000628,0.0628,1.7399999999999998,4.68,5.65,82.5,0.17500000000000002,3.44,0.0,0.5539999999999999,0.00963,0.0201,0.0,1.16,0.0,1860.3
311,Fe0.858C0.0191Mn0.00194Si0.000199Cr0.0753Ni0.0000954Mo0.0341V0.0101Nb0.0000603Co0.000190Al0.000623,0.062299999999999994,1.91,0.019,7.53,85.8,0.194,3.4099999999999997,0.0,0.006030000000000001,0.00954,0.0199,0.0,1.01,0.0,1812.1
312,Fe0.860C0.0125Mn0.00274Si0.000198Cr0.00439Ni0.0786Mo0.00284V0.000765Nb0.0000600Co0.0369Al0.000619,0.0619,1.25,3.6900000000000004,0.439,86.0,0.27399999999999997,0.28400000000000003,0.0,0.006,7.86,0.019799999999999998,0.0,0.0765,0.0,1139.7
